Query_num,Tweet_id,Rank
1,1288851829548134400,0.30618
1,1288852382647037960,0.30618
1,1288852210802216960,0.30618
1,1288851470285066240,0.30618
1,1288853370405621761,0.30618
1,1288853380849377281,0.30618
1,1288851161727086593,0.30618
1,1288852353676980224,0.30618
1,1288852503455567874,0.30618
1,1288852336081854464,0.30618
1,1288851366555910144,0.30618
1,1288851972569944065,0.30618
1,1288852462934401025,0.30618
1,1288853204575367175,0.30618
1,1288851594424049665,0.30618
1,1288851431106195456,0.30618
1,1288852869722935297,0.30618
1,1288851402253643777,0.30618
1,1288851537188487168,0.30618
1,1288851352949579778,0.30618
1,1288851628242722819,0.30618
1,1288850564177113089,0.30293
1,1288833397587169282,0.27181
1,1288848805161385984,0.24484
1,1288837870761975808,0.22343
1,1288840520005873665,0.2153
1,1288842343324569600,0.21344
1,1288840614117744640,0.21344
1,1288843002627207170,0.21344
1,1288845549374976001,0.21344
1,1288840424753430531,0.21344
1,1288841999441899521,0.21344
1,1288842514263408641,0.21344
1,1288844260100505602,0.21344
1,1288844804433027073,0.21344
1,1288847247225106433,0.21344
1,1288851460214665223,0.21344
1,1288849093117304833,0.21344
1,1288842703648612354,0.21344
1,1288848667487752194,0.21344
1,1288841398507188224,0.21344
1,1288842333191122944,0.21344
1,1288845659546755074,0.21344
1,1288844000103993344,0.21344
1,1288850852342628355,0.21344
1,1288844268178673666,0.21344
1,1288843969690865666,0.21344
1,1288845771320651776,0.21344
1,1288846191933952006,0.21344
1,1288849763618758656,0.21344
1,1288841900762361857,0.21344
1,1288840841620905987,0.21344
1,1288840440888926208,0.21344
1,1288847363998703618,0.21344
1,1288845400942624768,0.21344
1,1288851773743128578,0.21344
1,1288850738404302849,0.21344
1,1288841432455876609,0.21344
1,1288827658428723200,0.21007
1,1288839416212008960,0.21007
1,1288840140924825612,0.21007
1,1288831046147080193,0.21007
1,1288832219054833664,0.21007
1,1288844637826945024,0.21007
1,1288829620566003715,0.21007
1,1288840236248662017,0.21007
1,1288838287960895488,0.21007
1,1288833973309906944,0.20221
1,1288845879433199616,0.20221
1,1288839289388896257,0.20221
1,1288834593865465857,0.20221
1,1288833859229024257,0.20221
1,1288833384580435970,0.19064
1,1288838425186115584,0.19064
1,1288839469060300800,0.1897
1,1288834191753437190,0.18965
1,1288830328015028224,0.18828
1,1288832544373379072,0.18361
1,1288835999833915393,0.18361
1,1288837536475881474,0.18263
1,1288845050366042114,0.18171
1,1288829046013472770,0.18075
1,1288837174436286466,0.17631
1,1288841065106153472,0.17335
1,1288848546641383425,0.16714
1,1288835535679569921,0.16366
1,1288841038900211712,0.16193
1,1288832250436562944,0.15895
1,1288833030698696704,0.1567
1,1288849290186625024,0.15594
1,1288839371727265795,0.15594
1,1288846735348047872,0.15538
1,1288839162037075968,0.15507
1,1288851431542476800,0.15483
1,1288845473680445441,0.15483
1,1288832752624832512,0.15483
1,1288830689257889793,0.15483
1,1288828665036509187,0.15483
1,1288839857079492610,0.15453
1,1288839636006195200,0.15453
2,1288850929475821568,0.26464
2,1288830891347734529,0.24688
2,1288850781794447360,0.21244
2,1288835887304855555,0.21218
2,1288849419685814272,0.20782
2,1288851051198713857,0.20076
2,1288851779010965504,0.19331
2,1288828098029522944,0.1918
2,1288845585059950592,0.17844
2,1288849568197730306,0.17681
2,1288847044476624896,0.17603
2,1288838878753951744,0.17496
2,1288832462362214400,0.17161
2,1288831950904590346,0.17052
2,1288851533191413760,0.16721
2,1288828821702148096,0.16385
2,1288831544338132993,0.16362
2,1288845890921345026,0.16117
2,1288849374072565761,0.15958
2,1288840706740686855,0.15952
2,1288847951641686018,0.15798
2,1288832124011913216,0.15688
2,1288846335509135360,0.15677
2,1288847915709091840,0.15677
2,1288846770278203392,0.15677
2,1288846941749678083,0.15677
2,1288846818172862464,0.15677
2,1288851699864674305,0.15677
2,1288850938632052736,0.15677
2,1288848110303748097,0.15677
2,1288848973214527488,0.15677
2,1288847421556965378,0.15677
2,1288847972931903489,0.15677
2,1288847965830995969,0.15677
2,1288849514481225729,0.15677
2,1288837949338062851,0.15368
2,1288841491490775041,0.1528
2,1288837373975859201,0.15209
2,1288847490276634625,0.15193
2,1288848545819373569,0.15163
2,1288827757800108032,0.1512
2,1288847571524489219,0.14971
2,1288834485711060993,0.14842
2,1288847239398305793,0.14833
2,1288838693822828549,0.14833
2,1288828011911852032,0.14818
2,1288832557707153414,0.147
2,1288841929174786051,0.14563
2,1288849557648859142,0.14513
2,1288844330199928832,0.14304
2,1288848739793285122,0.14125
2,1288840618358108160,0.14001
2,1288846833851289600,0.13995
2,1288839895595790342,0.139
2,1288850326804553728,0.13883
2,1288852735186665474,0.13879
2,1288848039361249280,0.13824
2,1288844173492199424,0.13779
2,1288829195766833154,0.13714
2,1288842157642715137,0.13619
2,1288845096905932800,0.13335
2,1288833670149636096,0.13335
2,1288853356824363010,0.1332
2,1288835817876594693,0.13312
2,1288843678346289153,0.13256
2,1288839337552093184,0.13239
2,1288828078290907138,0.13208
2,1288843900464041985,0.13171
2,1288831080942821377,0.13149
2,1288835125426388992,0.12977
2,1288834976713248768,0.12977
2,1288829760752226304,0.12892
2,1288849467559620608,0.12846
2,1288846527939608576,0.12777
2,1288851011642298375,0.12662
2,1288845688860639233,0.12637
2,1288833286551285762,0.12632
2,1288846891564711936,0.12573
2,1288836740023754753,0.12513
2,1288829586055274496,0.12459
2,1288851447317233664,0.12397
2,1288847992783544320,0.12295
2,1288827675042295809,0.12229
2,1288830624590172161,0.12207
2,1288829712924639232,0.12169
2,1288834827299553280,0.12152
2,1288828464670400512,0.12135
2,1288836531751464961,0.12128
2,1288846135994527746,0.12128
2,1288827891724279809,0.12128
2,1288830086507106305,0.11985
2,1288845755340525569,0.11951
2,1288848428412424192,0.11932
2,1288846957084135426,0.11849
2,1288848797267906560,0.11843
2,1288849064738594817,0.11843
2,1288828194355699712,0.1183
2,1288837466527395841,0.11811
2,1288850868943695874,0.11811
2,1288850652454629376,0.11811
3,1288844459145191424,0.23955
3,1288835908880539649,0.21776
3,1288850995569721344,0.19732
3,1288850630405165057,0.19236
3,1288851423149555712,0.18914
3,1288850480811081729,0.18794
3,1288847620190822400,0.18393
3,1288847502746124290,0.18393
3,1288850236354437120,0.18393
3,1288848400981647360,0.18393
3,1288847057768386560,0.18393
3,1288848016720396291,0.18393
3,1288849769234718721,0.18393
3,1288848198182871041,0.18393
3,1288849111047966721,0.18393
3,1288847671776759811,0.18393
3,1288848258115276801,0.18393
3,1288847731000320002,0.18393
3,1288846574152323072,0.18393
3,1288852206901317632,0.18393
3,1288848597644124162,0.18393
3,1288846667983155202,0.18393
3,1288851321475469312,0.18393
3,1288849274680143872,0.18393
3,1288847052705800193,0.18393
3,1288851556729790464,0.18393
3,1288846929695330304,0.18393
3,1288851692201693184,0.18393
3,1288851013156339714,0.18393
3,1288847300270280704,0.18393
3,1288848404433506304,0.18393
3,1288847343454830594,0.18393
3,1288851003832520704,0.18393
3,1288846548810440704,0.18393
3,1288852068728479745,0.18393
3,1288846127664594945,0.18393
3,1288849641753042945,0.18393
3,1288846688405164035,0.18393
3,1288851994678104065,0.18393
3,1288847079343681536,0.18393
3,1288847125820903426,0.18393
3,1288847030610087937,0.18393
3,1288848439460204547,0.18393
3,1288850864082477057,0.18393
3,1288846948242464768,0.18393
3,1288846837198225408,0.18393
3,1288847898466299908,0.18393
3,1288846562894983168,0.18393
3,1288846147524497409,0.18393
3,1288851414630961159,0.18393
3,1288846613251862529,0.18393
3,1288836698198233091,0.1813
3,1288833678211198977,0.18064
3,1288846700807954432,0.1795
3,1288851072933662720,0.17659
3,1288843042422579201,0.1683
3,1288852185460035586,0.1683
3,1288841628552179714,0.16769
3,1288849122209005568,0.166
3,1288849275737300993,0.16305
3,1288851342585339904,0.16305
3,1288849800012734465,0.16305
3,1288830971064639488,0.16268
3,1288841609308786688,0.16181
3,1288828784913907715,0.15901
3,1288845644380110848,0.15656
3,1288852136269406216,0.1523
3,1288834115324850178,0.15085
3,1288831189479038977,0.15069
3,1288844668030132227,0.14979
3,1288843065801814017,0.14894
3,1288830344184000513,0.14819
3,1288842932875866112,0.14778
3,1288848204906274817,0.14272
3,1288849684514115587,0.14198
3,1288837485947228161,0.14153
3,1288839398335885314,0.14153
3,1288837543371382784,0.14153
3,1288848545395679234,0.14034
3,1288833677644853249,0.13991
3,1288838367761895424,0.13952
3,1288846285739524097,0.13921
3,1288848536029847552,0.13618
3,1288838958583930881,0.13587
3,1288853081678065667,0.13271
3,1288851528913223680,0.13245
3,1288844110024134658,0.13217
3,1288839394384896000,0.13113
3,1288831960295657473,0.13028
3,1288829972472369162,0.12674
3,1288831235721252867,0.12597
3,1288835777443569664,0.12421
3,1288835735878021121,0.12173
3,1288835748184170497,0.12173
3,1288842955470647297,0.1209
3,1288846568020467713,0.1204
3,1288851796799049729,0.1202
3,1288847892363575296,0.11872
3,1288837506763350018,0.11818
3,1288839788041125888,0.11518
4,1288851038288609280,0.17666
4,1288849793998098435,0.16405
4,1288849875107487746,0.1637
4,1288852872092884992,0.15938
4,1288837946829942784,0.1559
4,1288830526271389696,0.15524
4,1288845818049359873,0.15216
4,1288850524557762562,0.15115
4,1288832221294366720,0.15106
4,1288830468536885253,0.14643
4,1288843027419668480,0.14312
4,1288843167266201601,0.14312
4,1288831727582900225,0.13931
4,1288830180807540736,0.1372
4,1288839857364783105,0.13377
4,1288838046096351233,0.13197
4,1288831133829013506,0.12988
4,1288845495243161601,0.12934
4,1288845454093045760,0.12631
4,1288837348097228801,0.1253
4,1288835896809328644,0.12437
4,1288842498811535361,0.122
4,1288848378940370945,0.122
4,1288851439247175686,0.12143
4,1288845103352741889,0.12008
4,1288827550471458818,0.11854
4,1288850383251689477,0.11636
4,1288829093656563714,0.11516
4,1288843521126838272,0.11434
4,1288838091680018435,0.11281
4,1288838152787042304,0.11215
4,1288830072707624971,0.11164
4,1288848574378381313,0.10979
4,1288848441892732929,0.10868
4,1288849365264736262,0.10653
4,1288846768294301696,0.10514
4,1288834566585712641,0.10505
4,1288852744514809857,0.10505
4,1288843800232759296,0.10458
4,1288837560677040128,0.10185
4,1288831836022603779,0.10143
4,1288852215541764097,0.09961
4,1288829480149094400,0.09958
4,1288841145993306112,0.0993
4,1288840784742162433,0.0993
4,1288850913319366656,0.0993
4,1288845969942077447,0.09924
4,1288842157449785347,0.09864
4,1288836634646061057,0.09748
4,1288830999296716802,0.09506
4,1288834336834367488,0.09506
4,1288827949093982208,0.09506
4,1288835571050258435,0.09491
4,1288842050733998081,0.09438
4,1288837267356753920,0.09405
4,1288830874386128897,0.09403
4,1288851208686379010,0.09356
4,1288830136121425921,0.09356
4,1288841852599377921,0.09356
4,1288847254326050821,0.09356
4,1288850533743173632,0.09356
4,1288832725286346753,0.09356
4,1288847765422739458,0.09356
4,1288843795539386369,0.09356
4,1288844354677768192,0.09306
4,1288847867528933376,0.09289
4,1288840696837943296,0.09229
4,1288839512790118400,0.09116
4,1288844814046367744,0.09091
4,1288841452521263104,0.09069
4,1288837707263770624,0.09069
4,1288836147142156294,0.09069
4,1288835181395107840,0.09059
4,1288842246754689025,0.09035
4,1288852188631113729,0.09001
4,1288829203694202882,0.08979
4,1288847937737498625,0.089
4,1288849078579675138,0.08856
4,1288851691647844352,0.0882
4,1288851141611130881,0.08791
4,1288846117501730816,0.08737
4,1288846821582831616,0.08736
4,1288844178206547970,0.08679
4,1288829735120834561,0.08668
4,1288835689325318145,0.08574
4,1288851390593458179,0.08529
4,1288839205251162112,0.08493
4,1288843212665303042,0.08492
4,1288850355724472323,0.0848
4,1288836355301277697,0.08465
4,1288840826018242565,0.0842
4,1288829654409916416,0.08384
4,1288837565945196546,0.08384
4,1288829352013189120,0.08322
4,1288851187396218881,0.08318
4,1288834144995246080,0.08274
4,1288847860151324673,0.08248
4,1288837100067000322,0.08244
4,1288838662298501123,0.08244
4,1288840070993260544,0.08244
5,1288830496361926656,0.27757
5,1288848487426260992,0.27651
5,1288834184333664257,0.26353
5,1288837314941157376,0.23793
5,1288849078579675138,0.21878
5,1288849793998098435,0.21257
5,1288832335945838592,0.20508
5,1288848950083178497,0.20368
5,1288852040970575874,0.19871
5,1288836634646061057,0.18544
5,1288848452630261760,0.18258
5,1288844459145191424,0.17897
5,1288835429349896192,0.17811
5,1288837691405197312,0.17811
5,1288834893909237762,0.172
5,1288850355724472323,0.17105
5,1288845655121833985,0.17093
5,1288852480479158272,0.16897
5,1288844987308879873,0.16728
5,1288844745972711424,0.16672
5,1288842529786429446,0.16672
5,1288839941552734208,0.16672
5,1288837244829069312,0.16191
5,1288838893454921728,0.15796
5,1288846544473591810,0.15632
5,1288839272343252992,0.15427
5,1288842816219516930,0.15319
5,1288847449952358402,0.1518
5,1288852344420151297,0.15086
5,1288844798980272136,0.15021
5,1288846556922224642,0.1489
5,1288830944938463237,0.14835
5,1288846769737084934,0.14738
5,1288842183043416067,0.14693
5,1288843988905209856,0.14451
5,1288847238266060802,0.14428
5,1288844354677768192,0.14332
5,1288845458497064960,0.1425
5,1288850327731658752,0.1422
5,1288841712551358464,0.14215
5,1288831743437361154,0.13928
5,1288846230932480005,0.13928
5,1288834888528003076,0.13827
5,1288844217406627840,0.13727
5,1288840078526054400,0.13727
5,1288829111625023490,0.13727
5,1288837821739028480,0.13727
5,1288847789615648770,0.13727
5,1288852917424803840,0.13727
5,1288832303691694080,0.13727
5,1288833265646919680,0.13727
5,1288848558389698560,0.13727
5,1288849873907978240,0.13727
5,1288842405853245440,0.13727
5,1288851975929499650,0.13727
5,1288837836062556160,0.13727
5,1288843611480760320,0.13727
5,1288852021030850560,0.13727
5,1288841635506401280,0.13727
5,1288848370723893250,0.13727
5,1288851955729797120,0.13727
5,1288840560674058240,0.13727
5,1288847514783887360,0.13727
5,1288849761488035840,0.13727
5,1288836042498416640,0.13727
5,1288841186002821120,0.13727
5,1288849420281405440,0.13727
5,1288851058509393920,0.13727
5,1288835117394219010,0.13727
5,1288843638303346690,0.13727
5,1288827763634446340,0.13727
5,1288833968733736960,0.13727
5,1288845387508273160,0.13727
5,1288844604423446530,0.13727
5,1288850080892559360,0.13727
5,1288838431850864640,0.13727
5,1288837440904417280,0.13727
5,1288847860159651840,0.13727
5,1288850021568466950,0.13727
5,1288844791527149570,0.13727
5,1288846035050258440,0.13727
5,1288849546769043460,0.13727
5,1288831828061818880,0.13727
5,1288852593125490690,0.13727
5,1288827499120488450,0.13727
5,1288850772046880770,0.13727
5,1288841696822865920,0.13727
5,1288835366921748480,0.13727
5,1288834187550695430,0.13727
5,1288847839246929920,0.13727
5,1288847545997774850,0.13727
5,1288848345793024000,0.13727
5,1288841861784842240,0.13727
5,1288842492926988290,0.13727
5,1288828476980592640,0.13727
5,1288834259457843200,0.13727
5,1288849385078620160,0.13727
5,1288827645245788160,0.13727
5,1288830373858807810,0.13727
5,1288849411754414080,0.13727
6,1288845103352741889,0.4573
6,1288849909823811586,0.38614
6,1288846222116048897,0.37477
6,1288843040103247873,0.32917
6,1288837785089171456,0.31441
6,1288842812377763841,0.23929
6,1288838483574808576,0.23929
6,1288838167903305728,0.23929
6,1288849124549369856,0.22276
6,1288844399447695360,0.21674
6,1288844085156077568,0.2005
6,1288841777613549569,0.19953
6,1288850457390088196,0.18785
6,1288837121315229696,0.18278
6,1288846866361266179,0.18218
6,1288845894410936322,0.16758
6,1288845358387388417,0.1672
6,1288843274187309056,0.16676
6,1288852970080092165,0.15747
6,1288830966589353984,0.15637
6,1288830576410017792,0.15635
6,1288833927667429377,0.15629
6,1288827528342392832,0.15496
6,1288837473632759809,0.15141
6,1288843228637278208,0.14896
6,1288829770227212289,0.14865
6,1288843473550897158,0.14751
6,1288835520957743104,0.14723
6,1288847449952358402,0.14655
6,1288846851232292865,0.14601
6,1288836750253658112,0.13918
6,1288840814232129537,0.13455
6,1288837834414194688,0.13367
6,1288845534485188608,0.13165
6,1288839581731827714,0.13112
6,1288848212296597504,0.12699
6,1288845168750329856,0.12645
6,1288845357607194629,0.12312
6,1288848883552985098,0.11983
6,1288833785870548994,0.11901
6,1288845517552844804,0.1187
6,1288839913236885506,0.11687
6,1288842829880537089,0.11529
6,1288841369050656768,0.11503
6,1288838076983382016,0.11401
6,1288830977033121792,0.11335
6,1288834014963539970,0.11231
6,1288833160906670080,0.11225
6,1288835908255571970,0.11225
6,1288827959554355200,0.11225
6,1288850284022824961,0.11225
6,1288833839675011072,0.11225
6,1288837006223708162,0.11225
6,1288832743938445313,0.11225
6,1288838333804810243,0.11225
6,1288828428473348103,0.11225
6,1288840083479711744,0.11225
6,1288836359369764864,0.11225
6,1288835305412296705,0.11225
6,1288842636258709505,0.11225
6,1288837100242997257,0.11225
6,1288835046464339968,0.11225
6,1288838767709687808,0.11225
6,1288848303661162508,0.11225
6,1288827500340973569,0.11225
6,1288839842676256769,0.11225
6,1288849467559620608,0.11144
6,1288842948805722112,0.11113
6,1288830874386128897,0.11036
6,1288839086116147200,0.1096
6,1288830961497640966,0.10875
6,1288841238557405187,0.10819
6,1288849172305715200,0.10725
6,1288847823312769026,0.10725
6,1288830240006066179,0.10725
6,1288834705568272384,0.10587
6,1288844399045222401,0.1057
6,1288830899027693574,0.10528
6,1288829664429879306,0.10528
6,1288832169603997696,0.10527
6,1288839584999256064,0.10434
6,1288843412783996929,0.1042
6,1288841655823421440,0.10402
6,1288846946355105796,0.10195
6,1288846560512573441,0.10146
6,1288849132480856070,0.10052
6,1288847758380720130,0.10052
6,1288850343518801920,0.10052
6,1288853206500618240,0.10052
6,1288847597315260421,0.10052
6,1288847684091215872,0.10052
6,1288847908226424832,0.10052
6,1288849138696691712,0.10052
6,1288851684932964353,0.10052
6,1288847651019005953,0.10052
6,1288848579591839744,0.10052
6,1288848524113612804,0.10052
6,1288848904511991816,0.10052
6,1288849467777613826,0.10052
6,1288828316607221761,0.09929
7,1288832679740231684,0.38805
7,1288848311668088833,0.29444
7,1288839752729403393,0.24783
7,1288829849361174528,0.22872
7,1288844296867721217,0.22114
7,1288842484848766976,0.21735
7,1288845167710142464,0.21594
7,1288837199287508998,0.21216
7,1288845353035239425,0.2081
7,1288846946942107650,0.20537
7,1288843177470779392,0.20537
7,1288836177022218242,0.20537
7,1288843145656983563,0.20537
7,1288828428943122433,0.20537
7,1288849118551355393,0.20537
7,1288844743036698625,0.20537
7,1288843756167245825,0.20537
7,1288850242478075905,0.20537
7,1288837770182447105,0.20537
7,1288829927739990016,0.20537
7,1288843678115536897,0.20537
7,1288849038423363588,0.20537
7,1288828345581539328,0.20537
7,1288836661791490048,0.20537
7,1288841397907283969,0.20537
7,1288842647004516358,0.20398
7,1288832413452439553,0.20043
7,1288836216583069701,0.19804
7,1288850437873909761,0.19742
7,1288835873803571201,0.19329
7,1288852144389488652,0.18593
7,1288836128129159173,0.18166
7,1288848335940595717,0.18077
7,1288848335667953665,0.17625
7,1288832938700943365,0.17422
7,1288842260969218048,0.174
7,1288851837853093891,0.1731
7,1288831464491155457,0.17299
7,1288850747510198272,0.17213
7,1288846563985457153,0.17213
7,1288847178019082245,0.17213
7,1288853025424052225,0.17213
7,1288843537677787139,0.17213
7,1288846811868864512,0.16983
7,1288845979718844417,0.16428
7,1288830531392679936,0.16314
7,1288831246387347467,0.16034
7,1288837736669970432,0.16027
7,1288832414446305281,0.15503
7,1288843556724121600,0.15472
7,1288851524525989888,0.15472
7,1288836158751997954,0.15383
7,1288839148703559686,0.15359
7,1288842338979258372,0.153
7,1288852860244037632,0.15138
7,1288830714121723904,0.15013
7,1288843716548067328,0.14936
7,1288830553807093762,0.14911
7,1288852478465843200,0.14766
7,1288852401068285953,0.14766
7,1288848735745777664,0.14711
7,1288847334902644736,0.14496
7,1288839014544482306,0.13869
7,1288838778820464640,0.12643
7,1288831899834765313,0.12643
7,1288841235201961985,0.12643
7,1288852219677290496,0.12643
7,1288842808728662017,0.12553
7,1288829021971795970,0.12497
7,1288844480934588421,0.12305
7,1288843519155671040,0.12271
7,1288847792862044160,0.11981
7,1288844732416876544,0.11981
7,1288844475096326145,0.11981
7,1288850012470820865,0.11981
7,1288846170370895875,0.11981
7,1288844627269820418,0.11981
7,1288849692021882881,0.11909
7,1288828364506226688,0.119
7,1288836316449452032,0.11763
7,1288851172175028226,0.11697
7,1288842383828963328,0.11614
7,1288849543031709696,0.11592
7,1288852027066462214,0.11591
7,1288838976019869696,0.11527
7,1288832910422876160,0.11492
7,1288832527449436160,0.11492
7,1288841647338467328,0.11492
7,1288840305383477248,0.11492
7,1288827487108173826,0.1149
7,1288848385471111168,0.11474
7,1288838893295538176,0.11297
7,1288830794866319360,0.11236
7,1288852866149552133,0.11233
7,1288848255040749571,0.11122
7,1288842336391200768,0.11122
7,1288841778427199489,0.11086
7,1288851400345165826,0.10958
7,1288836799083581441,0.10899
7,1288832351720669184,0.10899
8,1288838344533774341,0.27872
8,1288837264487985153,0.27524
8,1288829830948151296,0.25474
8,1288834499095089152,0.24935
8,1288837550887575553,0.2421
8,1288831757509365760,0.22779
8,1288851288428609536,0.20385
8,1288849072678473728,0.19028
8,1288842484848766976,0.18885
8,1288834088288301057,0.18376
8,1288845353035239425,0.17998
8,1288848475195498496,0.17909
8,1288844427679674368,0.1756
8,1288832413452439553,0.17399
8,1288843728052862976,0.17307
8,1288839367017009153,0.17004
8,1288833922617540608,0.17004
8,1288834532582371328,0.16846
8,1288843390336094213,0.16816
8,1288848050459414530,0.16795
8,1288834815274422273,0.16755
8,1288848599749734401,0.16419
8,1288841108403847168,0.16415
8,1288845258801819649,0.16415
8,1288827460860215296,0.16205
8,1288836861322915840,0.16117
8,1288832791384395776,0.1588
8,1288847272046886913,0.15818
8,1288828819646930944,0.15818
8,1288847490276634625,0.15532
8,1288852521696493569,0.14957
8,1288846010689769475,0.14846
8,1288841907909677056,0.14765
8,1288832003333390336,0.14626
8,1288835545410555904,0.14494
8,1288842637286477824,0.14468
8,1288831147527544832,0.14354
8,1288837336466432001,0.14256
8,1288843065801814017,0.1409
8,1288851016901894144,0.13481
8,1288838271276122112,0.13462
8,1288840512158363650,0.13304
8,1288834931947438081,0.13304
8,1288851598786072582,0.13304
8,1288834793866768384,0.13304
8,1288840911737290754,0.13304
8,1288834703030489088,0.13304
8,1288837146846076929,0.13304
8,1288844566385369106,0.1301
8,1288846110442889216,0.12939
8,1288850499463151617,0.12939
8,1288846727143919619,0.12939
8,1288845946948919299,0.12939
8,1288845119509147648,0.12779
8,1288844457165684743,0.12643
8,1288852006019436544,0.12321
8,1288832941402083329,0.11992
8,1288849495711571968,0.11501
8,1288844410537553920,0.1147
8,1288831333662257152,0.11418
8,1288850922362351617,0.11333
8,1288836351387996161,0.11194
8,1288839580259622912,0.11194
8,1288851293449138182,0.11194
8,1288842369379577863,0.11194
8,1288837857151520773,0.11194
8,1288847082955116544,0.11194
8,1288845223381143554,0.11194
8,1288833586192420864,0.11194
8,1288837505547198476,0.11194
8,1288835839359954945,0.10893
8,1288842947400593410,0.10871
8,1288834995558256640,0.10871
8,1288842148394209280,0.10871
8,1288830886797029382,0.10871
8,1288848841974915072,0.10871
8,1288838644933984262,0.10871
8,1288836215404236802,0.10871
8,1288841928730120192,0.10871
8,1288829528111042563,0.10871
8,1288843674315395073,0.10871
8,1288836872362369024,0.10871
8,1288843791743381504,0.10871
8,1288839293566439425,0.10871
8,1288843422346940416,0.10871
8,1288851523787583488,0.10871
8,1288848568653099008,0.10871
8,1288835981668302849,0.10871
8,1288843181438775296,0.10816
8,1288831737888419840,0.10629
8,1288831739524272130,0.10629
8,1288832686736302080,0.10629
8,1288849066231726080,0.10629
8,1288847843952857090,0.10629
8,1288852439886635011,0.10629
8,1288829633337548801,0.10629
8,1288839122141020162,0.10629
8,1288831527879680002,0.10629
8,1288827917217206272,0.10629
8,1288845832578629632,0.10629
9,1288834720105521152,0.36315
9,1288838770490511362,0.33434
9,1288830253230628865,0.29599
9,1288834395667927041,0.28331
9,1288832027475816449,0.27327
9,1288843867815649280,0.26931
9,1288845996051640326,0.26653
9,1288834540933394434,0.26163
9,1288841599838019586,0.25335
9,1288846824896442368,0.24526
9,1288830971605852160,0.23377
9,1288844024716103680,0.23377
9,1288833932809474050,0.23377
9,1288841939689902080,0.23377
9,1288846558662983680,0.23377
9,1288841543311331330,0.23377
9,1288828186524958721,0.23377
9,1288843812845096961,0.23377
9,1288835722414366721,0.23377
9,1288840899036938241,0.23377
9,1288828730547122181,0.23377
9,1288846179237847041,0.23377
9,1288828256704016391,0.23377
9,1288836950863093762,0.23377
9,1288833049262723072,0.23377
9,1288838847137103872,0.23377
9,1288827484113313792,0.23377
9,1288836012500754432,0.23377
9,1288834974469066752,0.23377
9,1288850280994557952,0.23377
9,1288836455134003202,0.23377
9,1288838436288229383,0.23377
9,1288845077125701633,0.23377
9,1288848002279514113,0.23377
9,1288844871910879233,0.23377
9,1288843618715926533,0.23377
9,1288834950796582913,0.23377
9,1288832886234386433,0.23377
9,1288843267941924874,0.23377
9,1288828549533704194,0.23377
9,1288850698449424384,0.23377
9,1288841640765988864,0.23377
9,1288834049805553664,0.23377
9,1288848302046420994,0.23377
9,1288828326807732224,0.23377
9,1288835083059814404,0.23377
9,1288831524876550144,0.23377
9,1288829664723689474,0.23377
9,1288835739732516864,0.23377
9,1288827865979654144,0.23377
9,1288829914662293504,0.23377
9,1288842362375020545,0.23377
9,1288846265497903105,0.23377
9,1288850853152006145,0.23377
9,1288829016426913795,0.23377
9,1288850252934520835,0.23377
9,1288848393373016065,0.23377
9,1288847103444361216,0.23377
9,1288844145012944896,0.23377
9,1288846553055145986,0.23377
9,1288831995091574786,0.23377
9,1288847157420859397,0.23377
9,1288830777019387907,0.23377
9,1288838719005495297,0.23377
9,1288844506813669378,0.23377
9,1288835250857156608,0.23377
9,1288848988502974468,0.23377
9,1288833749103280128,0.23377
9,1288835440703930368,0.23377
9,1288850947091898368,0.23377
9,1288850454328283138,0.23377
9,1288851498227695618,0.23377
9,1288845357364006918,0.23377
9,1288838627246604288,0.23377
9,1288836879958253568,0.23377
9,1288830143281205248,0.23377
9,1288831618883432448,0.23377
9,1288843219262824448,0.23377
9,1288846264717713409,0.23377
9,1288831977337040899,0.23377
9,1288839034047995909,0.23377
9,1288849820178882570,0.22653
9,1288846295277252608,0.2241
9,1288839332279627776,0.22011
9,1288830686196109313,0.21619
9,1288849955587858436,0.21407
9,1288833765280755714,0.21399
9,1288846519131488257,0.21021
9,1288845704035803136,0.20267
9,1288830401117487105,0.20166
9,1288848679676370944,0.19931
9,1288827851660300289,0.1983
9,1288832397572677639,0.19611
9,1288839098396848131,0.19518
9,1288836901852471296,0.19333
9,1288847961187901441,0.19306
9,1288833017482481664,0.19129
9,1288847782221029376,0.18902
9,1288849191062601729,0.18902
9,1288835990078001158,0.18756
10,1288840737254191111,0.52317
10,1288835923145183232,0.38634
10,1288836816532131840,0.33604
10,1288845474401853440,0.33604
10,1288849793431883776,0.33604
10,1288832485955182596,0.33604
10,1288831081106612226,0.33604
10,1288850152023678977,0.33604
10,1288829109620166657,0.33604
10,1288833843210924037,0.33604
10,1288828521683529728,0.33604
10,1288831170566934528,0.33604
10,1288847636578131968,0.33604
10,1288835106887483393,0.30929
10,1288842889968128002,0.30429
10,1288840778374975488,0.27727
10,1288841759192227842,0.27104
10,1288841140591104000,0.25965
10,1288846786602434560,0.25965
10,1288836089269104640,0.25965
10,1288850852430655490,0.25965
10,1288841426252574720,0.25965
10,1288848953061060610,0.25965
10,1288852932100751360,0.25965
10,1288843056817594370,0.25965
10,1288846476077150210,0.25965
10,1288829762136350720,0.25965
10,1288837155436011520,0.25965
10,1288840622951084040,0.25965
10,1288846813215293440,0.25965
10,1288829656943267840,0.25965
10,1288839509380075520,0.25965
10,1288839844291125250,0.25965
10,1288828890895400960,0.25965
10,1288841850803990530,0.25965
10,1288840809320775680,0.25965
10,1288828477592834050,0.25965
10,1288830451113656320,0.25965
10,1288831383570452480,0.25965
10,1288833369682227200,0.25965
10,1288843944965468160,0.25965
10,1288828889825976320,0.25965
10,1288836481994444800,0.25965
10,1288842355479633920,0.25965
10,1288853454757048320,0.25965
10,1288833748780318720,0.25965
10,1288836351668838401,0.25965
10,1288842406952132611,0.25965
10,1288848249374343171,0.25965
10,1288841888389386241,0.25965
10,1288829395935748101,0.25965
10,1288830025849098241,0.25965
10,1288829747603046401,0.25965
10,1288845683710197761,0.25965
10,1288844715408928771,0.25965
10,1288849304786841601,0.25965
10,1288836777122263041,0.25965
10,1288831979081932801,0.25965
10,1288838397331742721,0.25965
10,1288831547039191041,0.25965
10,1288834094265241601,0.25965
10,1288849317013463041,0.25965
10,1288850859787522051,0.25965
10,1288844975015329792,0.25965
10,1288830961401159682,0.25965
10,1288840242015997952,0.25965
10,1288836070499655682,0.25965
10,1288834477909778432,0.25965
10,1288841138510671872,0.25965
10,1288841240730112002,0.25965
10,1288829370862313472,0.25965
10,1288850599283494912,0.25965
10,1288846068311109632,0.25965
10,1288846699289628672,0.25965
10,1288852959045005312,0.25965
10,1288835426585804802,0.25965
10,1288850800693911552,0.25965
10,1288830286789324802,0.25965
10,1288835731205640192,0.25965
10,1288850638865080322,0.25965
10,1288849937942433792,0.25965
10,1288840666961805312,0.25965
10,1288827819049418752,0.25965
10,1288851797839212552,0.25965
10,1288844419333005312,0.25965
10,1288833965843976192,0.25965
10,1288844371450888193,0.25965
10,1288848408367726593,0.25965
10,1288835444860485633,0.25965
10,1288848478475415553,0.25965
10,1288838194079752193,0.25965
10,1288839482159112193,0.25965
10,1288847408906956803,0.25965
10,1288851688275812353,0.25965
10,1288849910121603073,0.25965
10,1288844583812636673,0.25965
10,1288846144689385473,0.25965
10,1288852053427617793,0.25965
10,1288827925761011713,0.25965
10,1288831082306076673,0.25965
11,1288844509988741121,0.36431
11,1288833512490045441,0.35355
11,1288828551752560641,0.32607
11,1288850835817091073,0.29762
11,1288841760861564928,0.2803
11,1288833628487606273,0.27782
11,1288850781794447360,0.27453
11,1288831024244436993,0.26323
11,1288844568146989061,0.24972
11,1288832343092817926,0.24737
11,1288845396651974658,0.24133
11,1288850359667109892,0.23987
11,1288848104695963651,0.23968
11,1288832835005145089,0.23584
11,1288843107044167683,0.23417
11,1288833588574609410,0.2329
11,1288847641154064392,0.22783
11,1288844131742048257,0.22385
11,1288827888398151682,0.22365
11,1288844547078983681,0.21623
11,1288845092334297088,0.21077
11,1288830349112422400,0.20596
11,1288829521651806211,0.20421
11,1288832063559303169,0.20048
11,1288845693105340418,0.19782
11,1288850804389154816,0.19713
11,1288850357167194112,0.19581
11,1288850980461858816,0.19505
11,1288834396284485634,0.19386
11,1288834735255552000,0.19361
11,1288833660582531072,0.19361
11,1288828807131082753,0.19361
11,1288828703141777414,0.19361
11,1288849743540629504,0.19361
11,1288835929273176065,0.19361
11,1288838451165618176,0.19361
11,1288829936002793477,0.19361
11,1288852712013037568,0.19334
11,1288848569273909248,0.19334
11,1288851806882275329,0.19334
11,1288840607016742912,0.18832
11,1288833914425847812,0.18734
11,1288829812656820230,0.18553
11,1288827603026051072,0.18407
11,1288840665829380096,0.18007
11,1288830221848842241,0.17879
11,1288849878496481286,0.1786
11,1288842750238969856,0.17823
11,1288846943490314243,0.17782
11,1288844059159810052,0.1775
11,1288828098029522944,0.17712
11,1288835750520410112,0.17707
11,1288842260969218048,0.177
11,1288834344778452992,0.17395
11,1288841298640658432,0.17112
11,1288844048573378561,0.17104
11,1288834016632885258,0.17063
11,1288848419340115968,0.16974
11,1288848072550866944,0.16849
11,1288838609072578560,0.16781
11,1288833462195990529,0.16677
11,1288843060881784834,0.16547
11,1288834731551920129,0.16493
11,1288839981583261696,0.16492
11,1288846600333385728,0.1647
11,1288843514625884162,0.16368
11,1288842175417970690,0.16333
11,1288840617951399936,0.16321
11,1288832900503404549,0.16321
11,1288845688860639233,0.16246
11,1288850725905338376,0.16104
11,1288831285671202820,0.16044
11,1288828118229295104,0.15884
11,1288849575063818240,0.15863
11,1288843397755740162,0.15836
11,1288831264720588801,0.15824
11,1288851248742113283,0.15804
11,1288832527688273920,0.15776
11,1288843405162885120,0.15776
11,1288844210112737280,0.15776
11,1288836554438385665,0.15776
11,1288832903749787648,0.15776
11,1288851204219396096,0.15736
11,1288851826004103169,0.15601
11,1288841558834454528,0.15561
11,1288830212973633537,0.15551
11,1288851942073147394,0.1555
11,1288842999309402112,0.15476
11,1288843573073514496,0.15474
11,1288847383984578561,0.15461
11,1288843103001022465,0.15429
11,1288844015253823490,0.15319
11,1288847733235671040,0.15251
11,1288833981866283010,0.15239
11,1288836169460060160,0.15239
11,1288832880873963520,0.15239
11,1288846732642660360,0.15239
11,1288836054896783360,0.15239
11,1288850472225239040,0.15239
11,1288842519317565441,0.15239
12,1288847641154064392,0.53266
12,1288843514625884162,0.38371
12,1288833512490045441,0.37796
12,1288844543408984065,0.34251
12,1288848878171815936,0.342
12,1288850185716748291,0.33732
12,1288827851660300289,0.32926
12,1288844547078983681,0.32868
12,1288848334707240960,0.31771
12,1288842121974149120,0.296
12,1288850781794447360,0.29461
12,1288839188515663873,0.28839
12,1288838609072578560,0.28702
12,1288849772380446721,0.2853
12,1288831829051691008,0.28235
12,1288845092334297088,0.28112
12,1288844057796640769,0.27602
12,1288851991473655808,0.27428
12,1288828098029522944,0.2691
12,1288828265621225472,0.26819
12,1288844233974198272,0.26692
12,1288832343092817926,0.26603
12,1288837970368311298,0.26513
12,1288831413693775873,0.26441
12,1288849165527724033,0.25934
12,1288853305595133952,0.25327
12,1288829823243161600,0.24984
12,1288832863564001280,0.2478
12,1288832788498657280,0.2392
12,1288843887381901312,0.2305
12,1288835449079898113,0.22973
12,1288830846754009088,0.22973
12,1288846516514365440,0.22961
12,1288827888398151682,0.22175
12,1288853165648031745,0.22147
12,1288847291416289281,0.21954
12,1288828185384300544,0.21477
12,1288851211165237249,0.21386
12,1288830604927279104,0.20971
12,1288836954059087880,0.20817
12,1288851549549219842,0.20752
12,1288853243817336833,0.20713
12,1288835125426388992,0.20557
12,1288834976713248768,0.20557
12,1288833678685208578,0.20517
12,1288846150670393345,0.20334
12,1288850514193649664,0.20297
12,1288846660999745536,0.20122
12,1288849990920486914,0.19958
12,1288827603026051072,0.19744
12,1288831656762122240,0.19392
12,1288845573123190784,0.19221
12,1288844111362109443,0.19195
12,1288843353203728386,0.18997
12,1288834894374801409,0.18938
12,1288851264802037762,0.18854
12,1288851134837329923,0.18732
12,1288840049967144960,0.18691
12,1288851643216338946,0.18456
12,1288827465666662400,0.18362
12,1288827531785715712,0.18345
12,1288848333977526279,0.18202
12,1288835782875082752,0.1815
12,1288833719571283968,0.18094
12,1288841429930971139,0.18089
12,1288846188708536320,0.18068
12,1288837623994290178,0.17972
12,1288848606494064641,0.17889
12,1288843060881784834,0.17757
12,1288846860002766852,0.17647
12,1288849548593569793,0.1758
12,1288835782313234434,0.17507
12,1288845688860639233,0.17458
12,1288850835817091073,0.17446
12,1288837481840775169,0.17438
12,1288847523847778304,0.17437
12,1288847743952261121,0.1743
12,1288839465201532928,0.1743
12,1288850899410890752,0.17424
12,1288843864728633346,0.17398
12,1288827851127640064,0.17376
12,1288841476315676674,0.17376
12,1288846370556841986,0.1736
12,1288830183357677569,0.17336
12,1288840045689020425,0.17333
12,1288845693105340418,0.1724
12,1288846159461650433,0.1723
12,1288846677051240448,0.1723
12,1288839919343935488,0.17221
12,1288842214274035713,0.17188
12,1288839765593190401,0.17061
12,1288846579080757249,0.1702
12,1288833795001585665,0.16948
12,1288843290230640647,0.16948
12,1288832020462919682,0.16874
12,1288828036360675329,0.16874
12,1288832249992019969,0.16874
12,1288833834067333120,0.16823
12,1288849110586589189,0.16809
12,1288851140445122560,0.16791
13,1288833512490045441,0.44721
13,1288827851660300289,0.39044
13,1288850781794447360,0.34977
13,1288837970368311298,0.34855
13,1288832343092817926,0.31642
13,1288852082062131209,0.29235
13,1288847641154064392,0.28932
13,1288846516514365440,0.27231
13,1288851264802037762,0.248
13,1288838251483201542,0.2451
13,1288841700388077569,0.23272
13,1288828265621225472,0.22427
13,1288848878171815936,0.22253
13,1288831413693775873,0.22155
13,1288839188515663873,0.21959
13,1288843301513097216,0.21163
13,1288843514625884162,0.20891
13,1288830589706153985,0.20435
13,1288845358068641794,0.20372
13,1288849575063818240,0.20237
13,1288849339549282305,0.20117
13,1288851248742113283,0.20049
13,1288851826004103169,0.19939
13,1288839427767382017,0.19355
13,1288835449079898113,0.19177
13,1288830846754009088,0.19177
13,1288836816825704448,0.19114
13,1288830398756196353,0.18842
13,1288844543408984065,0.18727
13,1288841752070283268,0.18712
13,1288844497741381632,0.18674
13,1288848720423878656,0.1867
13,1288841429167550464,0.18645
13,1288851856966352896,0.18615
13,1288832068605149186,0.18554
13,1288828016789876738,0.18496
13,1288832799466717186,0.18361
13,1288850185716748291,0.1836
13,1288848392341389314,0.18039
13,1288851356636282880,0.17983
13,1288835863271571457,0.17946
13,1288851140445122560,0.17897
13,1288839512785911808,0.17721
13,1288848312121073664,0.17653
13,1288840060255649799,0.1763
13,1288829327778488327,0.17551
13,1288836954059087880,0.1738
13,1288848334707240960,0.17356
13,1288836408069808131,0.17332
13,1288838609072578560,0.17281
13,1288844732047728640,0.17158
13,1288847543862988800,0.17158
13,1288844754608885761,0.17158
13,1288831062462930951,0.17158
13,1288836360158228482,0.17158
13,1288839668776271874,0.17158
13,1288839153166278656,0.17158
13,1288850240951455747,0.17158
13,1288830964626362368,0.17158
13,1288846814461022209,0.17158
13,1288833620724060163,0.16901
13,1288846579080757249,0.16798
13,1288843522271895558,0.16691
13,1288834503146975233,0.16587
13,1288846787902492673,0.16518
13,1288850835817091073,0.16478
13,1288835644563886082,0.16402
13,1288849350316052480,0.16351
13,1288838980889382912,0.16351
13,1288831853265334272,0.16351
13,1288827693413339137,0.16351
13,1288846049000542208,0.16351
13,1288829422418767879,0.16351
13,1288842121974149120,0.16176
13,1288845499357958144,0.16175
13,1288845050277961729,0.159
13,1288841298640658432,0.15862
13,1288834635271737347,0.15789
13,1288843644577943552,0.15715
13,1288834603189493760,0.15713
13,1288849629849825280,0.15667
13,1288849772380446721,0.15611
13,1288829521651806211,0.15609
13,1288845476993724418,0.15557
13,1288851318531031042,0.15494
13,1288845433532342277,0.15481
13,1288845092334297088,0.15367
13,1288827465666662400,0.15345
13,1288851055447379969,0.15233
13,1288835782875082752,0.15172
13,1288852885887954944,0.15166
13,1288849285975597058,0.15114
13,1288844057796640769,0.1511
13,1288851178508484611,0.15094
13,1288840391752585222,0.15087
13,1288843192318726147,0.15087
13,1288831996261806081,0.15013
13,1288846557266075649,0.15008
13,1288849164017602560,0.15
13,1288849990920486914,0.14967
14,1288830686196109313,0.32076
14,1288840957224525828,0.29571
14,1288847645847556098,0.29341
14,1288850520904331265,0.26098
14,1288840778374975488,0.25468
14,1288846770676604928,0.2175
14,1288834201048027137,0.207
14,1288850122428878854,0.1914
14,1288838737871413248,0.1838
14,1288829466915946496,0.1793
14,1288837988361711617,0.17802
14,1288834184333664257,0.17603
14,1288831727582900225,0.17582
14,1288846857649696770,0.17508
14,1288829760752226304,0.17432
14,1288851447317233664,0.1742
14,1288840962542841856,0.17295
14,1288848028477030402,0.17233
14,1288847240568680450,0.16369
14,1288848905829068801,0.16369
14,1288845669893935104,0.16369
14,1288849907764338688,0.16369
14,1288847575416700929,0.16369
14,1288844529928491009,0.16369
14,1288845425781350402,0.16321
14,1288834279724797952,0.15735
14,1288829263588843520,0.14794
14,1288827651453603840,0.14794
14,1288836084751884290,0.14794
14,1288848544602955781,0.14794
14,1288838324094984192,0.14794
14,1288828381245706242,0.14794
14,1288839467789361152,0.14794
14,1288848158559272962,0.14794
14,1288847468134895623,0.14794
14,1288828172331556864,0.14794
14,1288829443188785154,0.14794
14,1288845110713577474,0.14794
14,1288838981220798464,0.14794
14,1288832658328387584,0.14794
14,1288834909902004225,0.14794
14,1288833674260209665,0.14794
14,1288846509761540096,0.14794
14,1288843091059920896,0.14794
14,1288839707598749697,0.14794
14,1288829863701303297,0.14794
14,1288829108479307778,0.14794
14,1288846707179040768,0.14794
14,1288848819384393729,0.14794
14,1288852547223068673,0.14661
14,1288841632327127040,0.14625
14,1288841696252506113,0.14625
14,1288851244417789953,0.14625
14,1288848024467378176,0.14625
14,1288851896128552965,0.13844
14,1288850899486547968,0.13844
14,1288849535666515970,0.13616
14,1288832557707153414,0.13574
14,1288847544685125632,0.13527
14,1288828921950109697,0.13527
14,1288839462928121862,0.135
14,1288830613940830210,0.1336
14,1288839420334899201,0.1336
14,1288836216020967426,0.1336
14,1288839834598027267,0.1336
14,1288832306535333888,0.1336
14,1288838504559054851,0.13229
14,1288829378420506626,0.13202
14,1288850349110054913,0.13164
14,1288832331176972288,0.13164
14,1288831455238295558,0.13164
14,1288846096098381829,0.13127
14,1288829083237920768,0.12951
14,1288837308880429057,0.12617
14,1288846946942107650,0.12587
14,1288843177470779392,0.12587
14,1288836177022218242,0.12587
14,1288843145656983563,0.12587
14,1288828428943122433,0.12587
14,1288849118551355393,0.12587
14,1288844743036698625,0.12587
14,1288843756167245825,0.12587
14,1288850242478075905,0.12587
14,1288837770182447105,0.12587
14,1288829927739990016,0.12587
14,1288843678115536897,0.12587
14,1288849038423363588,0.12587
14,1288828345581539328,0.12587
14,1288836661791490048,0.12587
14,1288841397907283969,0.12587
14,1288835441727348736,0.12557
14,1288849063258071040,0.12335
14,1288834046617886720,0.12335
14,1288831554614169600,0.12335
14,1288829577444327430,0.12335
14,1288830245043281920,0.12335
14,1288840159069450240,0.12335
14,1288827701080608770,0.12335
14,1288841961466736641,0.12335
14,1288846970996523011,0.12335
15,1288847215390228480,0.26713
15,1288832016000008192,0.26617
15,1288849365264736262,0.25259
15,1288839765593190401,0.21211
15,1288847294742372352,0.2115
15,1288843864728633346,0.19962
15,1288851847030153217,0.19953
15,1288835188773007362,0.19564
15,1288849395568521220,0.19021
15,1288840696837943296,0.18876
15,1288848001113284615,0.18836
15,1288831656762122240,0.18598
15,1288847400103284748,0.18584
15,1288830180807540736,0.18575
15,1288845573123190784,0.1841
15,1288841313631182848,0.17572
15,1288851439247175686,0.17296
15,1288849445380120577,0.17131
15,1288850698596159488,0.17092
15,1288837059881435138,0.17055
15,1288835896809328644,0.1704
15,1288831710495465472,0.16899
15,1288845729625235459,0.16739
15,1288842467731746820,0.16506
15,1288835904476344323,0.15896
15,1288838152787042304,0.15812
15,1288846188460953602,0.1573
15,1288835877804953600,0.15465
15,1288846662945955840,0.15465
15,1288849353696829441,0.15448
15,1288827550471458818,0.1536
15,1288832310763192321,0.15349
15,1288832535112421376,0.15156
15,1288847671302795266,0.15084
15,1288848415367946240,0.15062
15,1288830072707624971,0.15004
15,1288844166156476416,0.14941
15,1288830088503582721,0.14848
15,1288829441649651712,0.14819
15,1288828599773077507,0.14809
15,1288843800232759296,0.14784
15,1288831104120741889,0.14784
15,1288848894529503233,0.14769
15,1288829480149094400,0.14649
15,1288839349174439936,0.14443
15,1288840078870142977,0.14391
15,1288850349110054913,0.14389
15,1288832331176972288,0.14389
15,1288831455238295558,0.14389
15,1288852807513190401,0.14299
15,1288849437842972672,0.142
15,1288828265621225472,0.14197
15,1288849758703034373,0.14187
15,1288845391190831104,0.14187
15,1288845255668727808,0.14187
15,1288847009580027906,0.14136
15,1288848878171815936,0.14075
15,1288827493722488832,0.14072
15,1288844312277585922,0.14053
15,1288848354714300417,0.14044
15,1288839051383132163,0.14015
15,1288839934288318468,0.14015
15,1288848099075555329,0.14001
15,1288827963656593408,0.13992
15,1288841889521840128,0.13981
15,1288831883472777217,0.13963
15,1288836838409539585,0.1391
15,1288842458504323072,0.13901
15,1288841176158797825,0.13882
15,1288847465601523714,0.13853
15,1288838099208994816,0.13795
15,1288850796973641730,0.13691
15,1288847120955584512,0.13676
15,1288840608417607680,0.13672
15,1288839857364783105,0.13625
15,1288841487866892291,0.1356
15,1288847336337108993,0.1356
15,1288832940437377025,0.1356
15,1288830171575795715,0.1356
15,1288837025056129025,0.13526
15,1288852163347673088,0.13508
15,1288833467090980864,0.13469
15,1288849863581601793,0.1339
15,1288851198120882178,0.1339
15,1288827723717029888,0.13276
15,1288846404350283777,0.13208
15,1288841156395245568,0.13131
15,1288846032571252738,0.13116
15,1288832624602107905,0.13075
15,1288846918894997506,0.13061
15,1288828337692053506,0.13061
15,1288837267356753920,0.13019
15,1288850066518802432,0.12941
15,1288851911987388417,0.12941
15,1288841429582741504,0.12937
15,1288839856571977731,0.12931
15,1288846679601537028,0.12914
15,1288829461606129665,0.12912
15,1288844814046367744,0.12858
15,1288833925008076800,0.12837
16,1288847641154064392,0.36404
16,1288833628487606273,0.36286
16,1288850185716748291,0.35446
16,1288851857625014274,0.30402
16,1288834894374801409,0.30296
16,1288829411165429760,0.27882
16,1288843514625884162,0.26438
16,1288833512490045441,0.2582
16,1288831693747441664,0.2582
16,1288829929853984770,0.25506
16,1288833907065004032,0.25506
16,1288847835178381312,0.25506
16,1288847692194611208,0.25506
16,1288828414313533442,0.24104
16,1288844543408984065,0.23945
16,1288850998707007489,0.23799
16,1288836639184347137,0.2373
16,1288830673827004416,0.23625
16,1288843474238730241,0.23583
16,1288830023265161216,0.23583
16,1288843397755740162,0.23362
16,1288837814109507586,0.22908
16,1288848334707240960,0.22144
16,1288851753551769603,0.22022
16,1288839188515663873,0.21666
16,1288851270246309888,0.21657
16,1288838609072578560,0.21561
16,1288841598244139010,0.21492
16,1288843771669614593,0.21492
16,1288843200765890563,0.21492
16,1288841802313805824,0.21492
16,1288841897939738625,0.21492
16,1288841550898765826,0.21492
16,1288841795204456448,0.21492
16,1288841922430349318,0.21492
16,1288841956228046848,0.21492
16,1288843818763198464,0.2149
16,1288832649746714625,0.21466
16,1288849715778314240,0.21308
16,1288844547078983681,0.21015
16,1288850980461858816,0.20999
16,1288838132419436544,0.20883
16,1288850805546778624,0.20727
16,1288842121974149120,0.2066
16,1288831543910248449,0.20401
16,1288828633830825989,0.20401
16,1288850781794447360,0.20358
16,1288832102138609665,0.20284
16,1288845693105340418,0.20244
16,1288849164017602560,0.20177
16,1288832250411397122,0.20083
16,1288849844665114624,0.20072
16,1288834735255552000,0.20061
16,1288833660582531072,0.20061
16,1288828807131082753,0.20061
16,1288828703141777414,0.20061
16,1288849743540629504,0.20061
16,1288835929273176065,0.20061
16,1288838451165618176,0.20061
16,1288829936002793477,0.20061
16,1288849772380446721,0.19999
16,1288833352569622528,0.19884
16,1288829280915513345,0.19865
16,1288851875362676736,0.19744
16,1288852639300694017,0.19744
16,1288833914425847812,0.19737
16,1288849414707015681,0.1968
16,1288843292411535361,0.1968
16,1288846163102359553,0.1968
16,1288845924291284993,0.1968
16,1288846514014519296,0.1968
16,1288847074012921857,0.1968
16,1288843594418315267,0.1968
16,1288850083698671617,0.1968
16,1288845092334297088,0.19638
16,1288846285370298368,0.19608
16,1288838421448929280,0.19406
16,1288844057796640769,0.1938
16,1288839865824681995,0.19375
16,1288835450791235585,0.19124
16,1288835769495429120,0.19093
16,1288847656077463552,0.19017
16,1288850372212264960,0.18914
16,1288843930654580738,0.18912
16,1288829779744043009,0.18821
16,1288829293531979777,0.18794
16,1288850804389154816,0.18782
16,1288847743952261121,0.18771
16,1288839465201532928,0.18771
16,1288850484569153538,0.18678
16,1288850241651908608,0.18593
16,1288851721675059201,0.18532
16,1288832343092817926,0.18501
16,1288844233974198272,0.18404
16,1288846256605782016,0.18359
16,1288850835817091073,0.18346
16,1288829121842368514,0.18257
16,1288845731281788929,0.182
16,1288832476085772290,0.18188
16,1288830644315881474,0.18186
17,1288850244046921730,0.70657
17,1288853117539409920,0.70657
17,1288845177319239681,0.70657
17,1288849653941903361,0.70657
17,1288845711212257282,0.70657
17,1288829670889267213,0.70657
17,1288852133975150593,0.70657
17,1288849047676043264,0.70657
17,1288848903891308545,0.70657
17,1288848721174769666,0.70657
17,1288851263673765896,0.70657
17,1288849070065319937,0.70657
17,1288849144216293377,0.70657
17,1288849437964607488,0.70657
17,1288844523796410368,0.70657
17,1288837159869390849,0.70657
17,1288847682203770881,0.66318
17,1288842334961008644,0.64332
17,1288851318388523009,0.58912
17,1288842104425283584,0.54268
17,1288845833623019521,0.5396
17,1288844212142776320,0.53394
17,1288842425494933506,0.5284
17,1288849630277636096,0.50485
17,1288845324828782592,0.50256
17,1288832453587738624,0.5
17,1288846163899285504,0.5
17,1288845023421890562,0.49503
17,1288847610812469251,0.49313
17,1288848441406304260,0.48977
17,1288840791197089794,0.48977
17,1288845675275390976,0.48977
17,1288848246090027008,0.48977
17,1288845704035803136,0.48894
17,1288850352658210818,0.4882
17,1288846989312974853,0.47516
17,1288845745680859136,0.47148
17,1288847520123293696,0.46754
17,1288834793455718400,0.46427
17,1288847425340346370,0.45703
17,1288831615422980096,0.44687
17,1288836768192696320,0.43914
17,1288847285418446851,0.43888
17,1288830596094066688,0.4374
17,1288837697742811137,0.4346
17,1288850395700375555,0.43129
17,1288852847233245186,0.4309
17,1288852285229998083,0.42877
17,1288851848338776067,0.42606
17,1288843440868986881,0.42291
17,1288848728384851974,0.42144
17,1288840471364730881,0.41831
17,1288835575106002944,0.41831
17,1288847328338759680,0.41434
17,1288834585116192772,0.41383
17,1288849385657372673,0.4134
17,1288848648986669058,0.41275
17,1288845675472523264,0.41123
17,1288831841873661952,0.40992
17,1288845895220383746,0.40968
17,1288849485507026944,0.40891
17,1288834787738820611,0.40883
17,1288847973808562176,0.40819
17,1288852696393449472,0.4071
17,1288833622183747592,0.40704
17,1288844987308879873,0.40452
17,1288834347244630019,0.40277
17,1288834110161670144,0.4026
17,1288829136249606144,0.4019
17,1288847473113468931,0.40019
17,1288847822113169409,0.39378
17,1288851285056327682,0.39353
17,1288851031934341123,0.39353
17,1288850118247161856,0.39353
17,1288849854282727427,0.39353
17,1288850415648411649,0.39353
17,1288849688670670849,0.39353
17,1288830284293705729,0.39233
17,1288850444182265857,0.39219
17,1288848203123752960,0.38633
17,1288842178450591744,0.38458
17,1288844503445577729,0.3845
17,1288845233485221889,0.38255
17,1288844124460920832,0.38144
17,1288845474968088576,0.37948
17,1288850062261522432,0.37664
17,1288846749143052288,0.37238
17,1288835974076796935,0.37237
17,1288828343710867456,0.37237
17,1288844732274155520,0.37176
17,1288828006564274177,0.37095
17,1288834874116313088,0.36962
17,1288833464247234561,0.36583
17,1288830377138761729,0.36553
17,1288839068873236482,0.36534
17,1288850340155199488,0.36366
17,1288832117451960321,0.36362
17,1288840703947296778,0.3624
17,1288837753535229954,0.36213
17,1288847056681877505,0.36209
18,1288852467539685377,0.33205
18,1288852245539246081,0.31759
18,1288831398145675264,0.25335
18,1288841762513940480,0.19988
18,1288835046107947008,0.19228
18,1288842823874174976,0.17045
18,1288828229395124224,0.16818
18,1288835131017437185,0.16503
18,1288845728899649536,0.15688
18,1288831262589882369,0.15493
18,1288846381252259846,0.15134
18,1288838611178315776,0.14996
18,1288852372895064066,0.14988
18,1288851053769830400,0.1496
18,1288844199211569153,0.135
18,1288839584999256064,0.13262
18,1288849148041560066,0.13119
18,1288850694678642688,0.12934
18,1288845660775682048,0.12789
18,1288848328927715328,0.12552
18,1288842238819278849,0.12468
18,1288848845456146435,0.12313
18,1288831235687669762,0.12266
18,1288847238635106306,0.12226
18,1288845010604118017,0.12198
18,1288841677520744451,0.12103
18,1288846229980327937,0.11825
18,1288829551418707968,0.11784
18,1288833848164286464,0.11737
18,1288847928874934274,0.11394
18,1288848480459530247,0.11356
18,1288852879969787905,0.10984
18,1288842976517435393,0.10972
18,1288838803705167872,0.10936
18,1288834021560991745,0.10738
18,1288849945131397121,0.10686
18,1288835069331877891,0.10577
18,1288839096505446401,0.10577
18,1288843825889325056,0.10577
18,1288852633105698816,0.10577
18,1288852163347673088,0.1041
18,1288850112655966211,0.10324
18,1288852208688271361,0.10189
18,1288833291890589697,0.09917
18,1288849047617449985,0.09895
18,1288838454630121472,0.09826
18,1288847261208727553,0.0981
18,1288848894705582083,0.0981
18,1288848751273025536,0.0981
18,1288830297203544066,0.09763
18,1288833660905492480,0.09755
18,1288846964801642497,0.09689
18,1288849793800962048,0.09674
18,1288852909162201090,0.09546
18,1288852799850250240,0.09546
18,1288851663919423491,0.09546
18,1288850225994567681,0.09546
18,1288848793283305472,0.09546
18,1288851896183160832,0.09546
18,1288849912151437312,0.09546
18,1288849788906147842,0.09546
18,1288851290060214272,0.09546
18,1288850843660439553,0.09546
18,1288849094400552964,0.09546
18,1288852785102905344,0.09546
18,1288851612891525124,0.09546
18,1288850901529239554,0.09546
18,1288851451410878465,0.09546
18,1288848673481211905,0.09546
18,1288850046666981376,0.09546
18,1288852851821772806,0.09546
18,1288848609937514497,0.09546
18,1288852882414944257,0.09546
18,1288850499219755008,0.09546
18,1288849762830225408,0.09546
18,1288849096728621058,0.09546
18,1288849877653434368,0.09546
18,1288849925212602368,0.09546
18,1288848943980388368,0.09546
18,1288852209132863488,0.09546
18,1288851931331473409,0.09546
18,1288852382647037959,0.09546
18,1288837164839698434,0.09292
18,1288831690941648897,0.09292
18,1288847937016135681,0.09269
18,1288833968062771201,0.09269
18,1288836120558669824,0.09269
18,1288849055393525760,0.09112
18,1288843478915588098,0.091
18,1288843543449145346,0.09048
18,1288842234633355267,0.09026
18,1288851283898753024,0.09009
18,1288848370656837633,0.09006
18,1288846609313341440,0.08981
18,1288834218907316225,0.08948
18,1288839254186119171,0.08892
18,1288844889753518081,0.08883
18,1288827958329667589,0.0887
18,1288850974593884161,0.08852
18,1288833696401969153,0.08839
19,1288830952303624193,0.19223
19,1288838651573460992,0.16626
19,1288832396297744384,0.15748
19,1288847873577291777,0.14288
19,1288842623340490752,0.13704
19,1288852987188830210,0.12683
19,1288836563036643330,0.12683
19,1288836729290526722,0.12683
19,1288841612005642242,0.12683
19,1288828799803625473,0.12683
19,1288843573383901184,0.12683
19,1288838788043612160,0.12452
19,1288837232565129216,0.12236
19,1288832824649424903,0.12083
19,1288845580983140352,0.11884
19,1288831408459460608,0.11262
19,1288828642475282432,0.11049
19,1288846404350283777,0.10811
19,1288839349174439936,0.10799
19,1288833291890589697,0.10764
19,1288844396704694272,0.10655
19,1288834827052109829,0.1061
19,1288841829723627521,0.10549
19,1288835974076796935,0.10481
19,1288828343710867456,0.10481
19,1288831048588066816,0.10243
19,1288844433652416512,0.09918
19,1288835745893974022,0.09918
19,1288832923601440775,0.09918
19,1288842289507442689,0.09918
19,1288842208897110019,0.09918
19,1288834147839090691,0.09894
19,1288833378456829952,0.09894
19,1288844010199556098,0.09884
19,1288829973642518528,0.09778
19,1288847419543711746,0.09467
19,1288829225487814657,0.09447
19,1288830706563665920,0.09325
19,1288832393911193600,0.09325
19,1288843173192773632,0.09325
19,1288849670136004609,0.09325
19,1288847948231725057,0.0931
19,1288841069959041024,0.09242
19,1288851611004084225,0.09214
19,1288849063258071040,0.09209
19,1288834046617886720,0.09209
19,1288831554614169600,0.09209
19,1288829577444327430,0.09209
19,1288830245043281920,0.09209
19,1288840159069450240,0.09209
19,1288827701080608770,0.09209
19,1288841961466736641,0.09209
19,1288846970996523011,0.09209
19,1288846344124170241,0.09209
19,1288850513707044871,0.09209
19,1288828335599083521,0.09209
19,1288827772660416512,0.09209
19,1288850140011417602,0.09209
19,1288850998660698112,0.09209
19,1288833190057193472,0.09209
19,1288851920468221952,0.09209
19,1288829464042971142,0.09209
19,1288834821175693312,0.09209
19,1288844345509130242,0.09209
19,1288839617949642753,0.09209
19,1288849542616625153,0.09209
19,1288837476509868033,0.09209
19,1288842877506854913,0.09209
19,1288841316487565313,0.09209
19,1288836678677942273,0.09209
19,1288850450121449473,0.09209
19,1288830804039278593,0.09209
19,1288853041941225474,0.09209
19,1288827882639253504,0.09209
19,1288851671985004544,0.09209
19,1288836631152205824,0.09209
19,1288835658706857984,0.09209
19,1288835861107310594,0.09209
19,1288829506434797574,0.09209
19,1288852168552976384,0.09209
19,1288830806786486274,0.09209
19,1288847496618348544,0.09209
19,1288837241859702785,0.09209
19,1288851036766183425,0.09209
19,1288839966928379905,0.09209
19,1288828673383002115,0.09209
19,1288841586210611206,0.09209
19,1288834016368562176,0.09209
19,1288846601994338306,0.09209
19,1288836117249187846,0.09209
19,1288850426905985026,0.09209
19,1288836807157784576,0.09209
19,1288837096044670977,0.09209
19,1288833670388699137,0.09209
19,1288838834562781187,0.09209
19,1288844961845334017,0.09209
19,1288843911113383937,0.09209
19,1288848083791405057,0.09209
19,1288848599208665088,0.09209
19,1288851306728378368,0.09209
20,1288847267022217216,0.25182
20,1288836993548419072,0.23288
20,1288848079723081729,0.22641
20,1288838651573460992,0.20379
20,1288832550757117954,0.20122
20,1288835600829820928,0.19637
20,1288851702607536129,0.19519
20,1288828668257513473,0.19328
20,1288851072933662720,0.19325
20,1288847427747885056,0.19088
20,1288829767471357954,0.19047
20,1288836026358738945,0.18468
20,1288842655716257795,0.17772
20,1288847873577291777,0.1754
20,1288836476512489472,0.17519
20,1288850310857924611,0.17514
20,1288842556806062080,0.17433
20,1288847761601892359,0.1736
20,1288843996748423169,0.17319
20,1288841277904216065,0.17143
20,1288834507697786888,0.16925
20,1288828394168360961,0.16883
20,1288834794667872257,0.16883
20,1288835981055934465,0.16752
20,1288848405285003264,0.16496
20,1288837649218887680,0.16442
20,1288837059248087041,0.16442
20,1288836496657702921,0.16442
20,1288838636507746304,0.16442
20,1288837277209079808,0.16442
20,1288836343636717569,0.16442
20,1288850402209824769,0.15621
20,1288847747471286275,0.15591
20,1288847814789869573,0.15558
20,1288833852652302340,0.15178
20,1288848551368429568,0.15177
20,1288850405770829824,0.15162
20,1288837894778560512,0.15147
20,1288830673957146624,0.15077
20,1288837232565129216,0.15029
20,1288830603815575553,0.1499
20,1288851305784582144,0.14978
20,1288828701187158018,0.14976
20,1288838033282760704,0.14922
20,1288849976429285383,0.14884
20,1288839024615063553,0.14531
20,1288848945473556481,0.14452
20,1288829988976951302,0.14334
20,1288847031100829696,0.14187
20,1288847806128693248,0.14136
20,1288852594387906561,0.14089
20,1288841818382241793,0.14075
20,1288831408459460608,0.13837
20,1288830610669101064,0.13802
20,1288852814240849920,0.13357
20,1288846291997532171,0.13357
20,1288846628842070021,0.13357
20,1288848637448069122,0.13357
20,1288846845956042753,0.13357
20,1288845744166723594,0.13357
20,1288847344377749506,0.13357
20,1288845619029848067,0.13357
20,1288845699380109318,0.13357
20,1288846120039395329,0.13357
20,1288846965598375939,0.13357
20,1288847044283596801,0.13315
20,1288836127852572673,0.13293
20,1288846404350283777,0.13253
20,1288846492258775040,0.13243
20,1288830952303624193,0.1322
20,1288844196669992963,0.13183
20,1288849642524991490,0.1312
20,1288828355681239040,0.13103
20,1288845489530707968,0.13043
20,1288834827052109829,0.13011
20,1288851086300844032,0.13007
20,1288851991951630336,0.13007
20,1288829574843965440,0.1294
20,1288848385471111168,0.1285
20,1288847639036002304,0.12817
20,1288847026873077760,0.12563
20,1288847815301529600,0.12563
20,1288844935261638661,0.12563
20,1288849430574243841,0.12563
20,1288833410669187072,0.12563
20,1288849173664735232,0.12563
20,1288832559191752708,0.12563
20,1288829345486831618,0.12563
20,1288828618815295489,0.12563
20,1288847103813234689,0.12563
20,1288848271105032192,0.12503
20,1288851365767217152,0.12503
20,1288844081905442816,0.12503
20,1288844145910525958,0.12482
20,1288847334521151488,0.12472
20,1288842882238033920,0.1246
20,1288835004341067776,0.12453
20,1288850224719335425,0.12412
20,1288843698269192193,0.1239
20,1288836216910237697,0.12378
21,1288827636886667266,0.40851
21,1288831378839072768,0.3398
21,1288851516288311296,0.21259
21,1288843296882794496,0.21259
21,1288852745756258304,0.20545
21,1288835268548726784,0.20276
21,1288833724189233152,0.18727
21,1288832245466304514,0.18727
21,1288848829278756864,0.18727
21,1288838321532219394,0.18727
21,1288842429311995905,0.18727
21,1288850297968828416,0.18727
21,1288844495828791296,0.18727
21,1288827929636601856,0.18727
21,1288848147893170177,0.18727
21,1288837308448309249,0.18727
21,1288842797651505154,0.18384
21,1288849543807807491,0.18106
21,1288835255030484997,0.17904
21,1288848291137032193,0.17215
21,1288829105043996685,0.16731
21,1288841712887050240,0.16548
21,1288834213517627393,0.16548
21,1288828332537196544,0.16548
21,1288837043666132994,0.16548
21,1288852689271439368,0.16548
21,1288831920839831553,0.16381
21,1288838076983382016,0.16254
21,1288843712169218049,0.16226
21,1288841848405004293,0.15986
21,1288843820797501442,0.15948
21,1288835675962462210,0.15587
21,1288842462157574150,0.15568
21,1288848171985141761,0.15421
21,1288831723229388801,0.15341
21,1288832738280132610,0.14969
21,1288828694148968448,0.14827
21,1288851993004515328,0.14776
21,1288850351618174976,0.14634
21,1288836345947971590,0.14482
21,1288848514357891073,0.14271
21,1288849480058634242,0.14222
21,1288851644776681473,0.13932
21,1288841522134298624,0.13932
21,1288852467539685377,0.13416
21,1288846229980327937,0.13353
21,1288841910530928640,0.129
21,1288847430423846914,0.129
21,1288829320635523075,0.129
21,1288838755890212866,0.129
21,1288838032477626368,0.129
21,1288829534284812288,0.129
21,1288831090833133569,0.12857
21,1288829417041481729,0.12555
21,1288830394620612608,0.12534
21,1288845819022475264,0.12355
21,1288851118722650115,0.12078
21,1288847089208827906,0.12078
21,1288851875362676736,0.12078
21,1288852639300694017,0.12078
21,1288844359941722113,0.11832
21,1288838421348319232,0.11824
21,1288835232158932992,0.11789
21,1288828610841923584,0.11773
21,1288837768421023750,0.11583
21,1288852208688271361,0.11556
21,1288835381710876672,0.11416
21,1288829039956725763,0.11416
21,1288851840780521473,0.11416
21,1288833490033639424,0.11416
21,1288828365126938624,0.11416
21,1288849603081601025,0.11416
21,1288828905969852416,0.11416
21,1288842730530123776,0.11416
21,1288836038161387526,0.11416
21,1288828790118821896,0.11416
21,1288832674824626176,0.11416
21,1288848826707480577,0.11416
21,1288833150915719168,0.11416
21,1288839877551730688,0.11416
21,1288845062453858308,0.11416
21,1288839341825916929,0.11416
21,1288827674215907329,0.11416
21,1288837470621249544,0.11324
21,1288851333852934149,0.11321
21,1288849717938585608,0.11244
21,1288833877205823490,0.11233
21,1288839946405646336,0.11233
21,1288842541266284546,0.11233
21,1288837582412013568,0.11233
21,1288851861035012096,0.11124
21,1288843554530504704,0.10895
21,1288851556293640192,0.10887
21,1288831748873375745,0.10828
21,1288849012573995012,0.10658
21,1288844662804021249,0.10612
21,1288848913491996672,0.10559
21,1288851755242074113,0.10559
21,1288838326846455808,0.10559
21,1288830449389690880,0.10523
22,1288838344533774341,0.33413
22,1288844312277585922,0.32777
22,1288845023421890562,0.32292
22,1288849445380120577,0.31748
22,1288829488504217600,0.31615
22,1288833467090980864,0.31494
22,1288848655693361152,0.30151
22,1288848993158660096,0.29726
22,1288835729347338241,0.2953
22,1288849674573500416,0.29293
22,1288845394101678080,0.29135
22,1288847531338866689,0.28969
22,1288838770490511362,0.28723
22,1288830253230628865,0.27873
22,1288848878171815936,0.27545
22,1288848354714300417,0.27171
22,1288842669737889793,0.26992
22,1288842425494933506,0.26677
22,1288848490395729922,0.26445
22,1288829352013189120,0.26169
22,1288835997850050561,0.25873
22,1288834902641774592,0.25873
22,1288832900901855232,0.25873
22,1288837357995732994,0.25873
22,1288832613294145537,0.25873
22,1288843111964250114,0.25655
22,1288834791006244865,0.25414
22,1288851689517260801,0.25226
22,1288841635170865158,0.2511
22,1288834381394698242,0.25008
22,1288852082062131209,0.24951
22,1288846295277252608,0.24636
22,1288850186035499009,0.24581
22,1288834432665821185,0.24263
22,1288847044761849863,0.24241
22,1288842369949929474,0.24021
22,1288845845069287424,0.23539
22,1288841866855710720,0.23326
22,1288832228978577412,0.23309
22,1288841849155854336,0.23309
22,1288849804462882816,0.2323
22,1288832016000008192,0.23194
22,1288849425268224000,0.23143
22,1288849377126232070,0.22849
22,1288849673889947649,0.22764
22,1288841064384626688,0.22715
22,1288828265621225472,0.2252
22,1288851995634339840,0.22378
22,1288834245813731329,0.22204
22,1288849524866392064,0.22046
22,1288832210737541120,0.21943
22,1288835315055165440,0.21943
22,1288827543253123073,0.21943
22,1288832549708394499,0.21943
22,1288841478815592448,0.21922
22,1288853165165752320,0.21882
22,1288850337961574401,0.21882
22,1288848030989524992,0.21882
22,1288849689396355072,0.21882
22,1288850214808244224,0.21882
22,1288830292342591489,0.21838
22,1288836829463162881,0.21697
22,1288827455558516737,0.21684
22,1288852953873489922,0.21569
22,1288829460532408320,0.21409
22,1288847061899763712,0.21316
22,1288839589453615104,0.21294
22,1288834557593051138,0.21149
22,1288839379079888897,0.21112
22,1288834088288301057,0.2109
22,1288849177439395840,0.20993
22,1288839563943669760,0.20993
22,1288838646804643840,0.20993
22,1288844866894479360,0.20993
22,1288848322833182720,0.20993
22,1288852278099804160,0.20993
22,1288834131045027840,0.20993
22,1288842244926054400,0.20993
22,1288840620895866880,0.20993
22,1288833095500587010,0.20993
22,1288836069455208450,0.20993
22,1288833634418462720,0.20993
22,1288832840487055360,0.20993
22,1288835794912911360,0.20993
22,1288833407728979970,0.20993
22,1288833673329082370,0.20993
22,1288835310131056640,0.20993
22,1288836140041154560,0.20993
22,1288842084624064520,0.20993
22,1288834567261102080,0.20993
22,1288833764643266560,0.20993
22,1288848779328860160,0.20993
22,1288832461296762881,0.20993
22,1288851050171002881,0.20993
22,1288835612779388931,0.20993
22,1288843763822080001,0.20993
22,1288840567343001601,0.20993
22,1288832785357168641,0.20993
22,1288840832754298881,0.20993
22,1288837479907328001,0.20993
23,1288847641154064392,0.44605
23,1288843514625884162,0.32683
23,1288833512490045441,0.31623
23,1288844543408984065,0.30079
23,1288850185716748291,0.28673
23,1288848334707240960,0.27727
23,1288842121974149120,0.25912
23,1288835518109757440,0.25873
23,1288840706740686855,0.25871
23,1288848916281270274,0.25703
23,1288839188515663873,0.25689
23,1288838609072578560,0.25561
23,1288828972319604738,0.25387
23,1288850781794447360,0.25241
23,1288849425213857793,0.25236
23,1288849772380446721,0.25205
23,1288845000902574082,0.25069
23,1288840853750820864,0.25028
23,1288844059159810052,0.24783
23,1288847612649656320,0.24744
23,1288849573583245312,0.24744
23,1288851179510824964,0.24744
23,1288852128770002945,0.24744
23,1288848379523596288,0.24744
23,1288845092334297088,0.24648
23,1288844057796640769,0.2447
23,1288833795001585665,0.24145
23,1288843290230640647,0.24145
23,1288841929174786051,0.24088
23,1288844779036577799,0.23402
23,1288847787615047681,0.23239
23,1288828589614534656,0.23194
23,1288832343092817926,0.23098
23,1288848098148540416,0.22879
23,1288852049908699136,0.22833
23,1288844233974198272,0.2277
23,1288849165527724033,0.22745
23,1288841536881352704,0.22657
23,1288850402209824769,0.22595
23,1288836857799700483,0.22429
23,1288853305595133952,0.22261
23,1288843241752846336,0.22251
23,1288828672246460418,0.22106
23,1288829823243161600,0.21998
23,1288836026677460994,0.21824
23,1288844015253823490,0.21613
23,1288832863564001280,0.2156
23,1288832134816440324,0.21457
23,1288832416153444352,0.21108
23,1288840861623623680,0.20949
23,1288846873768472582,0.20949
23,1288849620156678147,0.20936
23,1288828098029522944,0.20931
23,1288851068865196034,0.20881
23,1288849182544011265,0.20881
23,1288849417597059074,0.2082
23,1288851835705597953,0.20596
23,1288837511100293127,0.2058
23,1288845490377887749,0.2048
23,1288852140925034497,0.20411
23,1288836783153664001,0.20324
23,1288829025540956160,0.20306
23,1288844594407444481,0.20114
23,1288849110586589189,0.20099
23,1288837481840775169,0.20025
23,1288849618890035205,0.20023
23,1288851633766428674,0.20021
23,1288831473357914115,0.19983
23,1288833624918327297,0.19959
23,1288851586693902337,0.19905
23,1288842544357335042,0.19892
23,1288845817202147328,0.1989
23,1288844572190298115,0.19836
23,1288853165648031745,0.19738
23,1288841277904216065,0.19726
23,1288828512867168264,0.19635
23,1288844691425894400,0.19613
23,1288833453560156163,0.19546
23,1288835209178144768,0.19544
23,1288838630874783744,0.19469
23,1288846427284574208,0.1943
23,1288831081127579649,0.19405
23,1288847291416289281,0.19362
23,1288847026873077760,0.19278
23,1288847815301529600,0.19278
23,1288844935261638661,0.19278
23,1288849430574243841,0.19278
23,1288833410669187072,0.19278
23,1288849173664735232,0.19278
23,1288832559191752708,0.19278
23,1288829345486831618,0.19278
23,1288828618815295489,0.19278
23,1288847103813234689,0.19278
23,1288848364331819010,0.1913
23,1288852223993274371,0.1913
23,1288849353185034242,0.1913
23,1288850402591612928,0.1913
23,1288828185384300544,0.18988
23,1288832767363633158,0.18916
23,1288841725570514945,0.1861
24,1288848334707240960,0.35881
24,1288851608978128902,0.32904
24,1288849072678473728,0.32132
24,1288841845980704768,0.28707
24,1288830576343101447,0.26753
24,1288845925339799557,0.26655
24,1288837264487985153,0.25663
24,1288832003333390336,0.25291
24,1288851972389388291,0.2407
24,1288848536029847552,0.23573
24,1288851974104985601,0.2331
24,1288843783128350720,0.23063
24,1288834282673156097,0.22526
24,1288831656762122240,0.22491
24,1288851594885226498,0.22126
24,1288850744842563584,0.2198
24,1288831757509365760,0.21924
24,1288850980478636033,0.21768
24,1288841176158797825,0.2136
24,1288849563042881541,0.21274
24,1288848223252217857,0.21105
24,1288837550887575553,0.21084
24,1288837010355085313,0.20915
24,1288827460860215296,0.20732
24,1288834532582371328,0.20719
24,1288848945897250816,0.20651
24,1288829830948151296,0.20472
24,1288837481840775169,0.20378
24,1288850896970022913,0.20309
24,1288852930737704967,0.20066
24,1288852960907321344,0.20006
24,1288829170429001728,0.19375
24,1288831908583940097,0.19221
24,1288851805686755329,0.19221
24,1288844939858546688,0.1905
24,1288838455427043328,0.19007
24,1288840945006510080,0.18939
24,1288845077914234881,0.18939
24,1288851731795685381,0.18939
24,1288844642620932102,0.18939
24,1288846277984366593,0.18939
24,1288831026056310785,0.18939
24,1288847196385878016,0.18939
24,1288849073747955716,0.18939
24,1288830762654072838,0.18939
24,1288844468062507008,0.18939
24,1288844295634657282,0.18905
24,1288836135154626560,0.18756
24,1288849353696829441,0.18707
24,1288847744686325763,0.18552
24,1288842803569668096,0.18388
24,1288852778723479554,0.18365
24,1288844427679674368,0.18292
24,1288839211727151106,0.18242
24,1288847417786408960,0.1809
24,1288850428646522880,0.1809
24,1288849174318981120,0.1809
24,1288849180321026050,0.1809
24,1288847507842314240,0.1809
24,1288852273305722881,0.1809
24,1288850053596098561,0.1809
24,1288850787028828161,0.1809
24,1288850927227740161,0.1809
24,1288847863661957122,0.1809
24,1288849094539120642,0.1809
24,1288849169361391622,0.1809
24,1288848972719820803,0.1809
24,1288847354083160064,0.1809
24,1288850045505286144,0.1809
24,1288847635542155264,0.1809
24,1288848543638331394,0.1809
24,1288847759005671424,0.1809
24,1288850737150275584,0.1809
24,1288847633973469184,0.1809
24,1288850307599028225,0.1809
24,1288852382667997185,0.1809
24,1288848513892265985,0.1809
24,1288852366570258435,0.1809
24,1288848411534426115,0.1809
24,1288850527174959105,0.1809
24,1288850255925190656,0.1809
24,1288852267756642306,0.1809
24,1288851692277108736,0.1809
24,1288851035428212736,0.1809
24,1288848520980525056,0.1809
24,1288846978370215936,0.1809
24,1288851105502449666,0.1809
24,1288853275681468416,0.1809
24,1288850392785330176,0.1809
24,1288850987852103686,0.1809
24,1288852233455579137,0.1809
24,1288849551487635457,0.1809
24,1288849817075175427,0.1809
24,1288847977864409088,0.1809
24,1288849258590814208,0.1809
24,1288847342037336069,0.1809
24,1288847520005869569,0.1809
24,1288847753674661889,0.1809
24,1288852349759479809,0.1809
24,1288848419340115968,0.18089
25,1288847641154064392,0.70533
25,1288843514625884162,0.51777
25,1288833512490045441,0.5
25,1288844543408984065,0.47811
25,1288850185716748291,0.45414
25,1288848334707240960,0.44044
25,1288842121974149120,0.41175
25,1288839188515663873,0.40901
25,1288838609072578560,0.40696
25,1288849772380446721,0.40093
25,1288850781794447360,0.4001
25,1288845092334297088,0.39172
25,1288844057796640769,0.38941
25,1288832343092817926,0.36667
25,1288849165527724033,0.36152
25,1288844233974198272,0.36079
25,1288834894374801409,0.35614
25,1288853305595133952,0.35391
25,1288829823243161600,0.34979
25,1288849328627503109,0.34363
25,1288832863564001280,0.34237
25,1288845925339799557,0.32692
25,1288853165648031745,0.31429
25,1288847291416289281,0.30794
25,1288828185384300544,0.30207
25,1288850514193649664,0.29101
25,1288835125426388992,0.29012
25,1288834976713248768,0.29012
25,1288851549549219842,0.28953
25,1288847130447228928,0.28841
25,1288846150670393345,0.28777
25,1288849990920486914,0.28
25,1288831656762122240,0.27647
25,1288845573123190784,0.273
25,1288834318132027392,0.26905
25,1288843353203728386,0.2675
25,1288841777898717184,0.26727
25,1288840049967144960,0.26424
25,1288827531785715712,0.26202
25,1288851134837329923,0.26185
25,1288843818763198464,0.26056
25,1288841429930971139,0.25892
25,1288851643216338946,0.25858
25,1288837814109507586,0.25759
25,1288844547078983681,0.25289
25,1288837481840775169,0.2506
25,1288835782313234434,0.24961
25,1288842214274035713,0.24948
25,1288840045689020425,0.24921
25,1288847743952261121,0.24873
25,1288839465201532928,0.24873
25,1288843864728633346,0.24862
25,1288849548593569793,0.24817
25,1288848606494064641,0.24798
25,1288839919343935488,0.24755
25,1288839765593190401,0.24506
25,1288830183357677569,0.24464
25,1288833795001585665,0.24429
25,1288843290230640647,0.24429
25,1288846370556841986,0.24178
25,1288845693105340418,0.24156
25,1288836783153664001,0.24055
25,1288833834067333120,0.24023
25,1288852170067107840,0.2399
25,1288849110586589189,0.23979
25,1288844625847791616,0.23972
25,1288850899410890752,0.23934
25,1288845817202147328,0.23529
25,1288846188460953602,0.23504
25,1288827976474226689,0.23494
25,1288849882028048385,0.23478
25,1288830608605577218,0.2346
25,1288835750520410112,0.23442
25,1288851875362676736,0.23402
25,1288852639300694017,0.23402
25,1288847421972389888,0.23276
25,1288836886245539851,0.23269
25,1288844059159810052,0.23258
25,1288830313657798656,0.23206
25,1288844691425894400,0.23186
25,1288829509861548034,0.23174
25,1288852049908699136,0.23048
25,1288835237212852224,0.23042
25,1288847979743510530,0.22976
25,1288833206834409473,0.22836
25,1288828589614534656,0.22836
25,1288832310763192321,0.22788
25,1288848531378393092,0.22763
25,1288850460439347203,0.2274
25,1288834026002878464,0.2274
25,1288852536254898176,0.22729
25,1288830398756196353,0.22721
25,1288832102138609665,0.22685
25,1288843632443830274,0.22682
25,1288850534594678787,0.22682
25,1288830658350129153,0.22663
25,1288830891347734529,0.22644
25,1288848098148540416,0.22501
25,1288843547047854082,0.22496
25,1288839211727151106,0.22436
26,1288831237352816640,0.25437
26,1288851083759161344,0.23156
26,1288850899377545217,0.23156
26,1288853312457052161,0.20699
26,1288848910157520896,0.19969
26,1288834800720150529,0.1958
26,1288831541481811969,0.19443
26,1288832257113948161,0.17422
26,1288838208965533701,0.17288
26,1288828446362107904,0.17288
26,1288842784607211531,0.17103
26,1288846844026433536,0.1646
26,1288841891514122240,0.16267
26,1288836445634011136,0.1574
26,1288845617809305605,0.15609
26,1288831961314852864,0.14967
26,1288850019651670017,0.14952
26,1288846524726890496,0.14912
26,1288853147188891649,0.1478
26,1288850424603254784,0.14617
26,1288850352658210818,0.1438
26,1288834420133310466,0.14122
26,1288848806440833025,0.13925
26,1288837147781472258,0.13913
26,1288844128856551425,0.13878
26,1288840598787690498,0.13862
26,1288849360202211328,0.13816
26,1288851280908161026,0.1376
26,1288841663301943297,0.13649
26,1288846214759424001,0.13554
26,1288844535699734530,0.13303
26,1288849077648728064,0.1305
26,1288849465068191744,0.1305
26,1288851110053257229,0.12909
26,1288829552089759744,0.12908
26,1288833327789559808,0.1272
26,1288847480059310081,0.12691
26,1288845925339799557,0.12631
26,1288852983988523013,0.1256
26,1288849168321126401,0.12505
26,1288842959325143040,0.1232
26,1288845839268491264,0.12265
26,1288833646858776576,0.12114
26,1288846789999828993,0.11915
26,1288846570771939328,0.11886
26,1288829188313620481,0.11847
26,1288839157461155840,0.11828
26,1288847921740492800,0.118
26,1288834346833661952,0.118
26,1288834926457106432,0.11784
26,1288834115165458432,0.11784
26,1288829489405804544,0.11704
26,1288853058622050306,0.11522
26,1288841853475921921,0.11499
26,1288832407467171840,0.11267
26,1288833152081952771,0.11267
26,1288837490162503681,0.11267
26,1288850437806989313,0.11267
26,1288840518491930633,0.11267
26,1288840321628024833,0.11267
26,1288835588154691584,0.11267
26,1288838807496716295,0.11267
26,1288841945213579265,0.11267
26,1288827911324209155,0.11267
26,1288846308262854657,0.11267
26,1288844355931967488,0.11267
26,1288830309254012928,0.11267
26,1288842508210970629,0.11267
26,1288834133326733317,0.11237
26,1288848975865364480,0.11235
26,1288829848010608641,0.11235
26,1288852421649866754,0.11235
26,1288829281146200064,0.11235
26,1288829633903898625,0.11235
26,1288829890905739265,0.11235
26,1288845026278158336,0.11235
26,1288838407276421127,0.11235
26,1288828577698533377,0.11235
26,1288838777956376577,0.11235
26,1288829544670081028,0.11235
26,1288838278787944449,0.11235
26,1288847130447228928,0.11141
26,1288845093022183426,0.1113
26,1288839792889925633,0.1097
26,1288839446721376257,0.1097
26,1288853034391478277,0.1097
26,1288849738146746369,0.10917
26,1288843834546196481,0.10873
26,1288843558288535552,0.1068
26,1288850839969370112,0.1068
26,1288834621296312320,0.10658
26,1288835662720970752,0.10658
26,1288843290318524416,0.10658
26,1288835757180944386,0.10658
26,1288851180542664704,0.10608
26,1288847089766735873,0.10582
26,1288836985000427527,0.10566
26,1288846378857185280,0.10502
26,1288828767092211713,0.10461
26,1288836211927388160,0.10374
27,1288833622183747592,0.39207
27,1288841033258807296,0.36581
27,1288846221822455808,0.32189
27,1288850804892291072,0.31699
27,1288851114021052416,0.3119
27,1288839583367561216,0.30828
27,1288850603515326465,0.30761
27,1288842744803274754,0.3075
27,1288846285739524097,0.30746
27,1288839384129732614,0.30534
27,1288842214286725120,0.30015
27,1288845690882478080,0.30015
27,1288844053895946240,0.30015
27,1288843007391825922,0.30015
27,1288844607825031172,0.30015
27,1288850610385690624,0.30015
27,1288839689655508995,0.30015
27,1288847756866359296,0.30015
27,1288842132351000576,0.30015
27,1288848174573129729,0.30015
27,1288850061070401536,0.29966
27,1288848291137032193,0.29157
27,1288844251225300992,0.28987
27,1288837829104152579,0.28711
27,1288845380625600515,0.27786
27,1288847347988992002,0.27538
27,1288839187194695682,0.27311
27,1288851531161309184,0.27052
27,1288841957012316163,0.2689
27,1288849906552262658,0.26839
27,1288836530174218240,0.26709
27,1288840239234990080,0.26709
27,1288841012345896961,0.26709
27,1288848874644238342,0.26709
27,1288851026808717312,0.26709
27,1288828332436406272,0.26709
27,1288829901018025984,0.26709
27,1288838536062357505,0.26709
27,1288847709076504576,0.26709
27,1288839750539853826,0.26709
27,1288827884107268096,0.26709
27,1288845562138116096,0.26709
27,1288827756608811008,0.26709
27,1288832595791208448,0.26709
27,1288832484973645826,0.26102
27,1288834110161670144,0.25978
27,1288848954344517632,0.25738
27,1288830700003745793,0.25605
27,1288835127544393728,0.25489
27,1288828626373419008,0.25432
27,1288849694391783426,0.25389
27,1288848833485496320,0.25228
27,1288845174123241472,0.25055
27,1288847822113169409,0.25055
27,1288829136249606144,0.24997
27,1288829572381700097,0.24812
27,1288847396638789632,0.24538
27,1288843144453402625,0.24182
27,1288850583072518144,0.24081
27,1288848491180101634,0.24055
27,1288843500738420736,0.23975
27,1288828113527410688,0.23792
27,1288831780439699456,0.23711
27,1288842692856881153,0.23531
27,1288846675646308357,0.23507
27,1288827980572233731,0.2332
27,1288848869871308801,0.23267
27,1288847042907963397,0.23219
27,1288844759126216705,0.22864
27,1288844010199556098,0.2264
27,1288849305563004928,0.22624
27,1288839436030160897,0.22621
27,1288844502858440704,0.2245
27,1288837960541052928,0.22431
27,1288829694507458568,0.22232
27,1288850712491958272,0.22191
27,1288846524726890496,0.22124
27,1288840090983292930,0.21986
27,1288833739498360832,0.21983
27,1288848422250983425,0.21916
27,1288846879967518720,0.21857
27,1288849834796097536,0.21705
27,1288843867815649280,0.21438
27,1288848698252955648,0.21378
27,1288847097454895104,0.21309
27,1288832191577956353,0.21034
27,1288842334961008644,0.20985
27,1288833273507074048,0.20952
27,1288838013691351040,0.20674
27,1288834848430465025,0.20621
27,1288843353614946306,0.20574
27,1288828504407187462,0.20531
27,1288837039182483457,0.20522
27,1288834888528003076,0.2047
27,1288847320092729344,0.20461
27,1288827920937558016,0.20364
27,1288851305784582144,0.20323
27,1288838469997875203,0.20317
27,1288850075171594240,0.20291
27,1288851746140360712,0.20289
28,1288838039180062721,0.26962
28,1288847066081439744,0.25517
28,1288848223252217857,0.23725
28,1288851608978128902,0.23425
28,1288847743952261121,0.221
28,1288839465201532928,0.221
28,1288843993627992064,0.21402
28,1288840175775293440,0.20545
28,1288841845980704768,0.20523
28,1288829823243161600,0.20346
28,1288834007057276928,0.20258
28,1288849328627503109,0.19943
28,1288836593399160835,0.19637
28,1288837010355085313,0.19303
28,1288851796799049729,0.19265
28,1288840263939395584,0.19236
28,1288847166874832896,0.18822
28,1288850618468139010,0.18051
28,1288841208656257024,0.17743
28,1288852261112668162,0.17726
28,1288836886245539851,0.17488
28,1288851726636785664,0.17443
28,1288844438521995265,0.17435
28,1288849908087234560,0.17418
28,1288831980214386691,0.1696
28,1288844639949271041,0.1696
28,1288833242062376961,0.1696
28,1288827421924319232,0.1696
28,1288829080054444032,0.1696
28,1288830235731873793,0.1696
28,1288831590441787393,0.1696
28,1288830434240090113,0.1696
28,1288839199056171014,0.1696
28,1288840807638634496,0.1696
28,1288834533471727616,0.1696
28,1288834482624065536,0.1696
28,1288831649531211777,0.1696
28,1288832872909078528,0.1696
28,1288844183076208648,0.1696
28,1288831082851381249,0.1696
28,1288836286476935169,0.1696
28,1288827623401852929,0.1696
28,1288832462362214400,0.16849
28,1288832063559303169,0.16845
28,1288852404436443137,0.16661
28,1288837846103621635,0.16572
28,1288849357387833344,0.16549
28,1288852495725473793,0.16456
28,1288833697370824705,0.16395
28,1288828078290907138,0.16367
28,1288831293073965056,0.16344
28,1288835872394219520,0.16323
28,1288830867327123457,0.16323
28,1288846660999745536,0.16269
28,1288846312041885704,0.16239
28,1288842157449785347,0.16183
28,1288832968526528512,0.16176
28,1288828247778775040,0.1611
28,1288842220368527361,0.16011
28,1288848001113284615,0.15993
28,1288842393043656704,0.15989
28,1288852135287967747,0.15728
28,1288841658759553026,0.15702
28,1288829866826178560,0.15594
28,1288829596083904512,0.15594
28,1288829608310329344,0.15594
28,1288828412493266945,0.15594
28,1288844282917523457,0.15594
28,1288835094023610368,0.15594
28,1288841503884935168,0.15594
28,1288841777898717184,0.15563
28,1288842548421832705,0.15518
28,1288827958329667589,0.15209
28,1288841313631182848,0.15179
28,1288847383518904321,0.15144
28,1288850648910372865,0.15135
28,1288841429930971139,0.15106
28,1288851643216338946,0.15043
28,1288836733556015106,0.1504
28,1288835288400302081,0.15012
28,1288842823891128320,0.14978
28,1288845406785413125,0.14978
28,1288827757800108032,0.14974
28,1288847234684026884,0.14824
28,1288850944046829568,0.14719
28,1288840882494595072,0.14656
28,1288837148880384002,0.14636
28,1288845729625235459,0.14577
28,1288851571783147523,0.14547
28,1288841490052132865,0.14547
28,1288846884543401989,0.14547
28,1288852855965851648,0.14531
28,1288841558834454528,0.14438
28,1288850238179094528,0.14422
28,1288848733673869312,0.14366
28,1288831267073556480,0.14343
28,1288831240502681600,0.14343
28,1288838882952458241,0.14343
28,1288834619895418882,0.14343
28,1288832196615245824,0.14343
29,1288851937442529286,0.1695
29,1288851475628560384,0.15502
29,1288828104576819200,0.14301
29,1288846757695295498,0.1301
29,1288842636187639809,0.12789
29,1288845707877560328,0.12745
29,1288850823573909504,0.12473
29,1288830332335251456,0.11689
29,1288836577368715264,0.111
29,1288852048461598720,0.1094
29,1288829019954315264,0.10576
29,1288849425201352707,0.0981
29,1288837115522895872,0.07957
30,1288850244046921730,0.70667
30,1288853117539409920,0.70667
30,1288845177319239681,0.70667
30,1288849653941903361,0.70667
30,1288845711212257282,0.70667
30,1288829670889267213,0.70667
30,1288852133975150593,0.70667
30,1288849047676043264,0.70667
30,1288848903891308545,0.70667
30,1288848721174769666,0.70667
30,1288851263673765896,0.70667
30,1288849070065319937,0.70667
30,1288849144216293377,0.70667
30,1288849437964607488,0.70667
30,1288844523796410368,0.70667
30,1288837159869390849,0.70667
30,1288847682203770881,0.67178
30,1288842334961008644,0.6567
30,1288851318388523009,0.60401
30,1288845833623019521,0.55782
30,1288842104425283584,0.54617
30,1288842425494933506,0.5417
30,1288844212142776320,0.53647
30,1288845324828782592,0.51299
30,1288849630277636096,0.51188
30,1288845023421890562,0.50919
30,1288847610812469251,0.50119
30,1288832453587738624,0.5
30,1288846163899285504,0.5
30,1288845704035803136,0.49854
30,1288848441406304260,0.49812
30,1288840791197089794,0.49812
30,1288845675275390976,0.49812
30,1288848246090027008,0.49812
30,1288850352658210818,0.49668
30,1288847703192088579,0.49128
30,1288846989312974853,0.48472
30,1288845745680859136,0.48133
30,1288847520123293696,0.47769
30,1288834793455718400,0.47688
30,1288847425340346370,0.46798
30,1288831615422980096,0.4567
30,1288830596094066688,0.45157
30,1288836768192696320,0.45143
30,1288847285418446851,0.45111
30,1288837697742811137,0.44585
30,1288850395700375555,0.44568
30,1288852285229998083,0.44094
30,1288852847233245186,0.44066
30,1288843440868986881,0.43787
30,1288848728384851974,0.43479
30,1288840471364730881,0.43183
30,1288835575106002944,0.43183
30,1288834585116192772,0.43011
30,1288847328338759680,0.4293
30,1288847973808562176,0.42348
30,1288849485507026944,0.42305
30,1288831841873661952,0.42205
30,1288834347244630019,0.42161
30,1288849385657372673,0.42125
30,1288844987308879873,0.42111
30,1288848648986669058,0.4206
30,1288834110161670144,0.41923
30,1288852696393449472,0.41918
30,1288845895220383746,0.41776
30,1288829136249606144,0.41704
30,1288834787738820611,0.41697
30,1288833622183747592,0.41556
30,1288847473113468931,0.40914
30,1288851285056327682,0.40839
30,1288851031934341123,0.40839
30,1288850118247161856,0.40839
30,1288849854282727427,0.40839
30,1288850415648411649,0.40839
30,1288849688670670849,0.40839
30,1288847822113169409,0.40315
30,1288830284293705729,0.40169
30,1288850444182265857,0.40163
30,1288844503445577729,0.40128
30,1288848203123752960,0.39879
30,1288842178450591744,0.39841
30,1288845233485221889,0.39644
30,1288845474968088576,0.39499
30,1288850062261522432,0.39309
30,1288844124460920832,0.39176
30,1288835974076796935,0.38944
30,1288828343710867456,0.38944
30,1288846749143052288,0.38743
30,1288828006564274177,0.386
30,1288844732274155520,0.38253
30,1288834874116313088,0.38074
30,1288850340155199488,0.38072
30,1288839068873236482,0.37795
30,1288830377138761729,0.37766
30,1288840703947296778,0.37694
30,1288833464247234561,0.37688
30,1288847056681877505,0.37513
30,1288837753535229954,0.37355
30,1288852859002466308,0.37237
30,1288832117451960321,0.37107
